metabolite_id	p_value	method_used	n_features	n_per_group	p_adj	significant
DG(41:5)	3.383123765477234e-14	single	1	HEALTHY:20,ICU-COVID-19:18	2.243011056511406e-11	True
1-(2,5-Dimethoxyphenyl)-1-[(trimethylsilyl)oxy]propan-2-amine	1.452557813468263e-13	single	1	HEALTHY:20,ICU-COVID-19:18	4.815229151647291e-11	True
FA(18:1)	1.7002986201520624e-12	single	1	HEALTHY:20,ICU-COVID-19:18	3.757659950536058e-10	True
PC(17:1_18:2)	1.6729905757559855e-11	single	1	HEALTHY:20,ICU-COVID-19:18	2.772981879315546e-09	True
2,2,4,6,6-pentamethyl-Heptane	2.348977310015572e-11	single	1	HEALTHY:20,ICU-COVID-19:18	3.1147439130806483e-09	True
FA(18:2)	3.1806021935809837e-11	single	1	HEALTHY:20,ICU-COVID-19:18	3.5145654239069867e-09	True
DG(20:5_22:6)	4.601436398636329e-11	single	1	HEALTHY:20,ICU-COVID-19:18	4.358217617565552e-09	True
Octadecanoic acid	9.210390679235552e-11	single	1	HEALTHY:20,ICU-COVID-19:18	7.633111275416464e-09	True
(E)-11-Octadecenoic acid	2.0733373396408627e-10	single	1	HEALTHY:20,ICU-COVID-19:18	1.4723241891203523e-08	True
NAE(22:5)	2.2207001344198376e-10	single	1	HEALTHY:20,ICU-COVID-19:18	1.4723241891203523e-08	True
Heptadecanoic acid	3.565066833540199e-10	single	1	HEALTHY:20,ICU-COVID-19:18	2.148763009670138e-08	True
DG(34:0_18:1)	4.281344251397549e-10	single	1	HEALTHY:20,ICU-COVID-19:18	2.284486318463148e-08	True
DG(17:0)	4.4793849381630353e-10	single	1	HEALTHY:20,ICU-COVID-19:18	2.284486318463148e-08	True
FA(20:4)	8.780930474814508e-10	single	1	HEALTHY:20,ICU-COVID-19:18	4.158397789144299e-08	True
trans-13-Octadecenoic acid	1.4152788656756512e-09	single	1	HEALTHY:20,ICU-COVID-19:18	6.255532586286379e-08	True
2-Hydroxy-3-methylbutyric acid	2.5928429812571147e-09	single	1	HEALTHY:20,ICU-COVID-19:18	1.0744093103584169e-07	True
DG(24:3)	3.925954718485922e-09	single	1	HEALTHY:20,ICU-COVID-19:18	1.5311223402095097e-07	True
D-(-)-Ribofuranose	4.60508334779553e-09	single	1	HEALTHY:20,ICU-COVID-19:18	1.6962056997713536e-07	True
DG(16:0_34:1)	7.0016420875587235e-09	single	1	HEALTHY:20,ICU-COVID-19:18	2.443204581079702e-07	True
NAE(22:4)	1.0703968498836686e-08	single	1	HEALTHY:20,ICU-COVID-19:18	3.5483655573643614e-07	True
Glycerol	1.3961149231661901e-08	single	1	HEALTHY:20,ICU-COVID-19:18	4.407734257424686e-07	True
3-Hydroxyisovaleric acid	1.5989324386429284e-08	single	1	HEALTHY:20,ICU-COVID-19:18	4.818600940092098e-07	True
1,2-Benzenedicarboxylic acid, bis(2-methylpropyl) ester	1.7390505941224425e-08	single	1	HEALTHY:20,ICU-COVID-19:18	5.013002364796432e-07	True
DG(37:7)	1.9654322958570777e-08	single	1	HEALTHY:20,ICU-COVID-19:18	5.429506717305177e-07	True
D-(+)-Talofuranose	2.3750099079808476e-08	single	1	HEALTHY:20,ICU-COVID-19:18	6.298526275965208e-07	True
3,4-Dihydroxybutanoic acid	3.8784299631911604e-08	single	1	HEALTHY:20,ICU-COVID-19:18	9.889996406137458e-07	True
TG(18:0_18:1_20:3)	1.0688001970317243e-07	single	1	HEALTHY:20,ICU-COVID-19:18	2.533789830150344e-06	True
TG(16:0_18:1_24:5)	1.0700771530046703e-07	single	1	HEALTHY:20,ICU-COVID-19:18	2.533789830150344e-06	True
2,6-dimethyl-Nonane	1.1922000217218712e-07	single	1	HEALTHY:20,ICU-COVID-19:18	2.7256159117296575e-06	True
TG(18:1_18:2_22:5)	1.6086772498851692e-07	single	1	HEALTHY:20,ICU-COVID-19:18	3.555176722246224e-06	True
2,5-Dimethoxymandelic acid	2.0617381552889605e-07	single	1	HEALTHY:20,ICU-COVID-19:18	4.4094593450212284e-06	True
Palmitic Acid	2.306450767672517e-07	single	1	HEALTHY:20,ICU-COVID-19:18	4.778677684271496e-06	True
Proline	3.25590372396806e-07	single	1	HEALTHY:20,ICU-COVID-19:18	6.5414065726994665e-06	True
3,5-di-tert-Butyl-4-hydroxyacetophenone	3.4998078800229674e-07	single	1	HEALTHY:20,ICU-COVID-19:18	6.824625366044787e-06	True
TG(18:1_19:1_18:2)	4.64835758890316e-07	single	1	HEALTHY:20,ICU-COVID-19:18	8.805317375550843e-06	True
1-Monopalmitin	5.151251664312017e-07	single	1	HEALTHY:20,ICU-COVID-19:18	9.48688848177463e-06	True
PE(16:0_18:1)	6.109721576700768e-07	aggregate	2	HEALTHY:20,ICU-COVID-19:18	1.0947960555007051e-05	True
PC(16:0_18:1)	6.854492357412526e-07	aggregate	2	HEALTHY:20,ICU-COVID-19:18	1.1959285349906593e-05	True
TG(18:1_18:2_22:6)	1.0888462075529644e-06	single	1	HEALTHY:20,ICU-COVID-19:18	1.8510385528400393e-05	True
2-Palmitoylglycerol	1.1624760478211397e-06	single	1	HEALTHY:20,ICU-COVID-19:18	1.926804049263539e-05	True
D-(-)-Citramalic acid	1.3112059663302426e-06	single	1	HEALTHY:20,ICU-COVID-19:18	2.0753640817480578e-05	True
TG(17:1_18:1_22:6)	1.3330033460993848e-06	single	1	HEALTHY:20,ICU-COVID-19:18	2.0753640817480578e-05	True
FA(44:5)	1.3460129036978355e-06	single	1	HEALTHY:20,ICU-COVID-19:18	2.0753640817480578e-05	True
TG(16:1_18:2_20:4)	1.542934134868803e-06	single	1	HEALTHY:20,ICU-COVID-19:18	2.324921207768219e-05	True
TG(16:0_18:1_22:6)	1.6242107729170702e-06	single	1	HEALTHY:20,ICU-COVID-19:18	2.3930038720978172e-05	True
8-Methylnonanoic acid	1.7856866391748895e-06	single	1	HEALTHY:20,ICU-COVID-19:18	2.537128167172861e-05	True
DG(16:0_36:2)	1.798567478991319e-06	single	1	HEALTHY:20,ICU-COVID-19:18	2.537128167172861e-05	True
TG(20:0_18:1_18:2)	2.101538157093319e-06	single	1	HEALTHY:20,ICU-COVID-19:18	2.9027495794851465e-05	True
TG(18:0_18:1_20:4)	2.2371500605590253e-06	single	1	HEALTHY:20,ICU-COVID-19:18	3.0270010003074158e-05	True
PE(36:4)	2.4275423408871466e-06	single	1	HEALTHY:20,ICU-COVID-19:18	3.218921144016357e-05	True
TG(16:0_23:0_18:2)	2.525696528459484e-06	single	1	HEALTHY:20,ICU-COVID-19:18	3.266513112511209e-05	True
2-Aminomalonic acid	2.589037791723915e-06	single	1	HEALTHY:20,ICU-COVID-19:18	3.266513112511209e-05	True
DG(40:4)	2.611239743033093e-06	single	1	HEALTHY:20,ICU-COVID-19:18	3.266513112511209e-05	True
L-Valine	2.7475819551743863e-06	single	1	HEALTHY:20,ICU-COVID-19:18	3.37342006718633e-05	True
2-Hydroxybutyric acid	3.044720579474094e-06	single	1	HEALTHY:20,ICU-COVID-19:18	3.670272262166045e-05	True
TG(16:0_18:2_20:4)	3.425855420971988e-06	single	1	HEALTHY:20,ICU-COVID-19:18	4.055968114472193e-05	True
D-(+)-Arabitol	3.7243881076827433e-06	single	1	HEALTHY:20,ICU-COVID-19:18	4.332051430515191e-05	True
TG(16:0_18:2_22:6)	4.227796585334845e-06	single	1	HEALTHY:20,ICU-COVID-19:18	4.762032980826978e-05	True
Tryptophan	4.2377065741899205e-06	single	1	HEALTHY:20,ICU-COVID-19:18	4.762032980826978e-05	True
FA(22:6)	4.34073724814936e-06	single	1	HEALTHY:20,ICU-COVID-19:18	4.796514659205043e-05	True
TG(23:0_18:2_18:2)	4.950171050846196e-06	single	1	HEALTHY:20,ICU-COVID-19:18	5.2987477806225215e-05	True
TG(18:0_18:2_20:4)	4.955088422301604e-06	single	1	HEALTHY:20,ICU-COVID-19:18	5.2987477806225215e-05	True
Glucopyranose	5.218531995938159e-06	single	1	HEALTHY:20,ICU-COVID-19:18	5.491883671915872e-05	True
D-Glucose	5.608946841534394e-06	single	1	HEALTHY:20,ICU-COVID-19:18	5.810518368652036e-05	True
5-(cyclohexylmethyl)-2-Pyrrolidinone	6.5249241721917395e-06	single	1	HEALTHY:20,ICU-COVID-19:18	6.655422655635575e-05	True
TG(18:0_18:1_22:5)	6.735896889545291e-06	single	1	HEALTHY:20,ICU-COVID-19:18	6.766514602679589e-05	True
TG(16:0_18:1_22:5)	7.596340283960809e-06	single	1	HEALTHY:20,ICU-COVID-19:18	7.47730912381702e-05	True
PE(18:0_20:4)	7.669034998786688e-06	single	1	HEALTHY:20,ICU-COVID-19:18	7.47730912381702e-05	True
PC(16:0_16:0)	7.926554881991495e-06	single	1	HEALTHY:20,ICU-COVID-19:18	7.616385343130957e-05	True
PI(40:4)	8.171472406225703e-06	single	1	HEALTHY:20,ICU-COVID-19:18	7.71530859143297e-05	True
TG(16:0_18:1_20:4)	8.262246002892019e-06	single	1	HEALTHY:20,ICU-COVID-19:18	7.71530859143297e-05	True
TG(19:0_18:1_18:2)	8.60528765480398e-06	single	1	HEALTHY:20,ICU-COVID-19:18	7.924035715465331e-05	True
TG(18:0_18:1_20:1)	9.184163505691127e-06	single	1	HEALTHY:20,ICU-COVID-19:18	8.341233430511257e-05	True
undecyl-Cyclohexane	1.0280925266811032e-05	single	1	HEALTHY:20,ICU-COVID-19:18	9.211153313372586e-05	True
Decanoic acid	1.0425108213626071e-05	single	1	HEALTHY:20,ICU-COVID-19:18	9.215795660845447e-05	True
Butanedioic acid	1.094035419908285e-05	single	1	HEALTHY:20,ICU-COVID-19:18	9.544019518410433e-05	True
TG(23:0_18:1_18:1)	1.450959089175146e-05	single	1	HEALTHY:20,ICU-COVID-19:18	0.000122362551639273	True
Dodecane, 4,6-dimethyl-	1.4573124374627043e-05	single	1	HEALTHY:20,ICU-COVID-19:18	0.000122362551639273	True
TG(18:1_18:2_18:3)	1.4580153211919406e-05	single	1	HEALTHY:20,ICU-COVID-19:18	0.000122362551639273	True
SM(17:1;2O/14:0)	1.559115111995308e-05	single	1	HEALTHY:20,ICU-COVID-19:18	0.00012921166490661114	True
TG(16:0_18:1_20:3)	1.6416952051675075e-05	single	1	HEALTHY:20,ICU-COVID-19:18	0.00013437579271926637	True
TG(16:0_18:1_20:1)	1.8011329574835722e-05	single	1	HEALTHY:20,ICU-COVID-19:18	0.00014562818912336687	True
NAE(14:0)	1.9186396181110507e-05	single	1	HEALTHY:20,ICU-COVID-19:18	0.00015326000804911165	True
Hexadecanamide	2.186202003286937e-05	single	1	HEALTHY:20,ICU-COVID-19:18	0.0001719170377127152	True
2,4-Di-tert-butylphenol	2.204064586060451e-05	single	1	HEALTHY:20,ICU-COVID-19:18	0.0001719170377127152	True
TG(18:1_24:1_18:2)	2.3214076800463567e-05	single	1	HEALTHY:20,ICU-COVID-19:18	0.00017896433626403887	True
PE(18:2_20:4)	2.3792962357871342e-05	single	1	HEALTHY:20,ICU-COVID-19:18	0.00018131878210653676	True
TG(16:0_20:4_22:6)	2.5520552234411797e-05	single	1	HEALTHY:20,ICU-COVID-19:18	0.0001922741605842616	True
TG(18:1_20:4_22:6)	2.738105416467235e-05	single	1	HEALTHY:20,ICU-COVID-19:18	0.00020397347091210977	True
DG(38:2)	2.934580315959642e-05	single	1	HEALTHY:20,ICU-COVID-19:18	0.0002161807499423603	True
Hentriacontane	3.134757186889299e-05	single	1	HEALTHY:20,ICU-COVID-19:18	0.0002283894521876489	True
TG(14:1_18:1_20:4)	3.2002103480406525e-05	single	1	HEALTHY:20,ICU-COVID-19:18	0.00023062385442945135	True
TG(18:1_18:2_18:2)	3.300981550878569e-05	single	1	HEALTHY:20,ICU-COVID-19:18	0.0002334143852933443	True
TG(16:0_18:1_19:1)	3.309344225878486e-05	single	1	HEALTHY:20,ICU-COVID-19:18	0.0002334143852933443	True
cis-1,2-dithiane-4,5-diol	3.440707422499971e-05	single	1	HEALTHY:20,ICU-COVID-19:18	0.0002390217544534188	True
PC(32:1)	3.460948480773485e-05	single	1	HEALTHY:20,ICU-COVID-19:18	0.0002390217544534188	True
(1-methyldodecyl)-Benzene	3.783140126539718e-05	single	1	HEALTHY:20,ICU-COVID-19:18	0.0002585795777212199	True
(Z)-Docos-9-enenitrile	3.8779949793144086e-05	single	1	HEALTHY:20,ICU-COVID-19:18	0.0002623582317638217	True
3-Hydroxybutyric acid	4.0663114412573396e-05	single	1	HEALTHY:20,ICU-COVID-19:18	0.00027231964500541576	True
TG(17:0_18:1_18:2)	4.141766922295066e-05	single	1	HEALTHY:20,ICU-COVID-19:18	0.00027453744982593474	True
PE(18:0_22:6)	4.1822447107721574e-05	aggregate	2	HEALTHY:20,ICU-COVID-19:18	0.00027453744982593474	True
Trisaminol	4.604732562985668e-05	single	1	HEALTHY:20,ICU-COVID-19:18	0.0002993076165940684	True
LPE(22:5)	4.8501681707207396e-05	aggregate	2	HEALTHY:20,ICU-COVID-19:18	0.0003100087312780641	True
TG(18:1_18:2_20:4)	4.862882059263751e-05	single	1	HEALTHY:20,ICU-COVID-19:18	0.0003100087312780641	True
2-methyl-Hexadecane	4.925189703533541e-05	single	1	HEALTHY:20,ICU-COVID-19:18	0.0003104452735854092	True
TG(18:2_18:2_18:3)	5.009164094298395e-05	single	1	HEALTHY:20,ICU-COVID-19:18	0.0003104452735854092	True
PC(O-34:2)	5.0102027562049454e-05	single	1	HEALTHY:20,ICU-COVID-19:18	0.0003104452735854092	True
SM(32:1;3O)	5.395335029907408e-05	single	1	HEALTHY:20,ICU-COVID-19:18	0.00033121362266931586	True
DG(38:10)	5.610946580231322e-05	single	1	HEALTHY:20,ICU-COVID-19:18	0.00034128968648562994	True
TG(18:1_18:1_18:2)	5.6839592618264814e-05	single	1	HEALTHY:20,ICU-COVID-19:18	0.00034258772641735974	True
Citric acid	5.952051338208022e-05	single	1	HEALTHY:20,ICU-COVID-19:18	0.0003555144177686413	True
O-methoxycarbonyl-(9H-fluoren-9-yl)methanol	6.723443371133802e-05	single	1	HEALTHY:20,ICU-COVID-19:18	0.0003956178523851301	True
LPE(22:6)	6.742808042159834e-05	aggregate	2	HEALTHY:20,ICU-COVID-19:18	0.0003956178523851301	True
TG(18:0_18:1_18:2)	7.134476023925288e-05	single	1	HEALTHY:20,ICU-COVID-19:18	0.0004149261056019707	True
TG(16:0_21:0_18:1)	7.856038474933446e-05	single	1	HEALTHY:20,ICU-COVID-19:18	0.00045291769642442394	True
TG(18:0_18:1_18:1)	8.122913352733537e-05	single	1	HEALTHY:20,ICU-COVID-19:18	0.0004642665131777875	True
beta-D-(+)-Xylopyranose	0.00010331443660663298	single	1	HEALTHY:20,ICU-COVID-19:18	0.0005854484741042535	True
TG(18:1_18:2_24:4)	0.000111113180617652	single	1	HEALTHY:20,ICU-COVID-19:18	0.0006243054131313836	True
2,4,6-trimethyl-Octane	0.00011458818291293059	single	1	HEALTHY:20,ICU-COVID-19:18	0.0006384198762291847	True
4-Hydroxybutanoic acid	0.00012992974840123178	single	1	HEALTHY:20,ICU-COVID-19:18	0.0007178618599168056	True
PE(16:0_20:4)	0.0001431027610309745	single	1	HEALTHY:20,ICU-COVID-19:18	0.0007841085170540174	True
TG(17:0_18:2_20:4)	0.0001502754342691522	single	1	HEALTHY:20,ICU-COVID-19:18	0.0008166607616430156	True
TG(16:0_18:0_20:1)	0.00016098217208182145	single	1	HEALTHY:20,ICU-COVID-19:18	0.0008677331714654278	True
TG(16:1_18:1_18:2)	0.00017213252320253793	single	1	HEALTHY:20,ICU-COVID-19:18	0.0009203537329296988	True
PE(16:0_18:2)	0.00018519034097355162	aggregate	2	HEALTHY:20,ICU-COVID-19:18	0.0009822495685237178	True
TG(16:0_18:1_18:2)	0.0001900270494085914	single	1	HEALTHY:20,ICU-COVID-19:18	0.0009999042361737787	True
TG(15:0_18:2_18:3)	0.00019883160825050574	single	1	HEALTHY:20,ICU-COVID-19:18	0.0010379949312605142	True
TG(16:0_18:1_24:1)	0.00020092888904887509	single	1	HEALTHY:20,ICU-COVID-19:18	0.0010407488549953451	True
TG(16:0_23:0_18:1)	0.00020307142903469358	single	1	HEALTHY:20,ICU-COVID-19:18	0.001043692693410867	True
TG(17:1_18:1_18:2)	0.00024619320598618467	single	1	HEALTHY:20,ICU-COVID-19:18	0.0012555853505295418	True
(E)-2-Butenedioic acid	0.00026342221460098084	single	1	HEALTHY:20,ICU-COVID-19:18	0.001333197925804964	True
PC(40:6)	0.0002776711688689554	single	1	HEALTHY:20,ICU-COVID-19:18	0.0013946665527281624	True
Tyrosine	0.0003039513562105389	single	1	HEALTHY:20,ICU-COVID-19:18	0.0015151860839668215	True
2,5-di-tert-Butyl-1,4-benzoquinone	0.0003098641521059081	single	1	HEALTHY:20,ICU-COVID-19:18	0.001533133827210575	True
TG(24:0_18:1_18:1)	0.00033435360363696356	single	1	HEALTHY:20,ICU-COVID-19:18	0.0016420476978615322	True
PC(38:6)	0.0003445316256514145	single	1	HEALTHY:20,ICU-COVID-19:18	0.0016795916750506456	True
PC(36:4)	0.0003621991598817785	single	1	HEALTHY:20,ICU-COVID-19:18	0.001752832430668753	True
Benzenepropanoic acid, 3,5-bis(1,1-dimethylethyl)-4-hydroxy-, methyl ester	0.0003836306064702379	single	1	HEALTHY:20,ICU-COVID-19:18	0.001843094870215708	True
PC(O-16:1_18:2)	0.000402231952607512	single	1	HEALTHY:20,ICU-COVID-19:18	0.0019185596012861901	True
TG(16:0_18:2_18:3)	0.0004104274538983724	single	1	HEALTHY:20,ICU-COVID-19:18	0.0019436671566758635	True
TG(16:0_18:1_18:1)	0.0004483202625578902	single	1	HEALTHY:20,ICU-COVID-19:18	0.0021013744948519906	True
D-(-)-Erythrose	0.0004500681421854942	single	1	HEALTHY:20,ICU-COVID-19:18	0.0021013744948519906	True
TG(16:0_18:0_18:1)	0.0004717228882341006	single	1	HEALTHY:20,ICU-COVID-19:18	0.002187078845449012	True
Phenylalanine	0.000492510209768136	aggregate	3	HEALTHY:20,ICU-COVID-19:18	0.002267599090807459	True
TG(8:0_16:1_18:2)	0.0005102383613525999	single	1	HEALTHY:20,ICU-COVID-19:18	0.00231898416375358	True
DG(40:5)	0.0005120488729649263	single	1	HEALTHY:20,ICU-COVID-19:18	0.00231898416375358	True
PE(16:0_22:5)	0.0005145927388453055	single	1	HEALTHY:20,ICU-COVID-19:18	0.00231898416375358	True
SM(38:1;3O)	0.0005176616232813422	single	1	HEALTHY:20,ICU-COVID-19:18	0.00231898416375358	True
D-(-)-Lactic acid	0.0005262511701553076	single	1	HEALTHY:20,ICU-COVID-19:18	0.0023416411128387177	True
2-Monostearin	0.0006323867202670731	single	1	HEALTHY:20,ICU-COVID-19:18	0.002795149303580463	True
LPE(18:0)	0.0006402495721133944	aggregate	2	HEALTHY:20,ICU-COVID-19:18	0.0028040945233000067	True
L-Threitol	0.0006500017593103121	single	1	HEALTHY:20,ICU-COVID-19:18	0.0028040945233000067	True
meso-Erythritol	0.0006500017593103121	single	1	HEALTHY:20,ICU-COVID-19:18	0.0028040945233000067	True
Ribonic acid	0.0006513281396503787	single	1	HEALTHY:20,ICU-COVID-19:18	0.0028040945233000067	True
Arachidic acid	0.0006603201778608964	single	1	HEALTHY:20,ICU-COVID-19:18	0.0028244663091727376	True
TG(19:1_18:2_18:2)	0.0006695887938992336	single	1	HEALTHY:20,ICU-COVID-19:18	0.002836105738888702	True
TG(17:1_18:2_18:2)	0.0006715966832662537	single	1	HEALTHY:20,ICU-COVID-19:18	0.002836105738888702	True
TG(16:1_18:2_18:3)	0.0007324947326377671	single	1	HEALTHY:20,ICU-COVID-19:18	0.0030736962515116426	True
Octanoic acid	0.0007495030226030966	single	1	HEALTHY:20,ICU-COVID-19:18	0.0031252861885902707	True
Diglycerol	0.0007615688764885902	single	1	HEALTHY:20,ICU-COVID-19:18	0.0031557510319495954	True
Stearic acid	0.0007802570630293047	single	1	HEALTHY:20,ICU-COVID-19:18	0.003213108278189	True
L-(+)-Lactic acid	0.0008021487190633599	single	1	HEALTHY:20,ICU-COVID-19:18	0.0032828679057963434	True
D-(-)-Fructofuranose	0.0008084016083046878	single	1	HEALTHY:20,ICU-COVID-19:18	0.0032881611429816443	True
2,3,6,7-tetramethyl-Octane	0.0008329524427809824	single	1	HEALTHY:20,ICU-COVID-19:18	0.0033501602142717423	True
PE(38:6)	0.0008337502795698906	single	1	HEALTHY:20,ICU-COVID-19:18	0.0033501602142717423	True
SM(36:1;3O)	0.0009050897225280501	single	1	HEALTHY:20,ICU-COVID-19:18	0.00360737722766399	True
TG(16:0_18:0_22:0)	0.0009086455460330109	single	1	HEALTHY:20,ICU-COVID-19:18	0.00360737722766399	True
PE(16:0_22:6)	0.0009258240241363971	aggregate	2	HEALTHY:20,ICU-COVID-19:18	0.003653698380966853	True
TG(17:0_16:1_18:1)	0.0009634019581973664	single	1	HEALTHY:20,ICU-COVID-19:18	0.003779499989851207	True
TG(18:0_22:0_18:1)	0.000986606659730403	single	1	HEALTHY:20,ICU-COVID-19:18	0.003842967271692631	True
PC(17:0_18:1)	0.000991172554237466	single	1	HEALTHY:20,ICU-COVID-19:18	0.003842967271692631	True
NAE(20:2)	0.0010000095215201663	single	1	HEALTHY:20,ICU-COVID-19:18	0.0038546878649294777	True
TG(14:0_18:2_18:3)	0.001020374044980161	single	1	HEALTHY:20,ICU-COVID-19:18	0.003910450819779461	True
PE(18:1_20:4)	0.0010342798707327606	single	1	HEALTHY:20,ICU-COVID-19:18	0.003940962955723105	True
DG(18:1_20:4)	0.0010776696950036916	single	1	HEALTHY:20,ICU-COVID-19:18	0.004082828615928271	True
TG(16:0_22:0_18:1)	0.001098829632517727	single	1	HEALTHY:20,ICU-COVID-19:18	0.004139341172495756	True
2-Allyl-1,4-dimethoxybenzene	0.001153775368440827	single	1	HEALTHY:20,ICU-COVID-19:18	0.004321768752973267	True
LPE(20:4)	0.001216156731924948	aggregate	2	HEALTHY:20,ICU-COVID-19:18	0.004529842209360902	True
CAR(18:1)	0.0012432086307908252	single	1	HEALTHY:20,ICU-COVID-19:18	0.004604733643655403	True
ST(27:1;O;S)	0.0013103585741996429	single	1	HEALTHY:20,ICU-COVID-19:18	0.004803349370622247	True
TG(15:0_18:1_18:2)	0.0013113216230507187	single	1	HEALTHY:20,ICU-COVID-19:18	0.004803349370622247	True
DG(16:0_24:6)	0.001478392266626221	single	1	HEALTHY:20,ICU-COVID-19:18	0.00538557182842409	True
Glycerol monostearate	0.0014963652109897065	single	1	HEALTHY:20,ICU-COVID-19:18	0.005415076898492674	True
CE(16:0)	0.0015028267712257196	single	1	HEALTHY:20,ICU-COVID-19:18	0.005415076898492674	True
TG(16:0_18:0_18:0)	0.001527011152896343	single	1	HEALTHY:20,ICU-COVID-19:18	0.005472477807406894	True
(Z)-Oleic Acid	0.0015431641483748839	single	1	HEALTHY:20,ICU-COVID-19:18	0.0054842127092240844	True
CAR(18:2)	0.001546829225678588	single	1	HEALTHY:20,ICU-COVID-19:18	0.0054842127092240844	True
TG(16:0_17:1_18:1)	0.0015709557773802276	single	1	HEALTHY:20,ICU-COVID-19:18	0.005540125959590909	True
Xylitol	0.0015894581369812902	single	1	HEALTHY:20,ICU-COVID-19:18	0.005575718226553415	True
TG(16:0_17:0_18:1)	0.0016309977704066206	single	1	HEALTHY:20,ICU-COVID-19:18	0.005691323798839945	True
bromo-Cycloheptane	0.001685337792088149	single	1	HEALTHY:20,ICU-COVID-19:18	0.00583856897075967	True
PC(O-38:8)	0.001690807303749407	single	1	HEALTHY:20,ICU-COVID-19:18	0.00583856897075967	True
LPC(18:2/0:0)	0.0017877520925485438	single	1	HEALTHY:20,ICU-COVID-19:18	0.006141345271293702	True
1,2-Cyclohexanedicarboxylic acid, nonyl 4-octyl ester	0.001970630715563285	single	1	HEALTHY:20,ICU-COVID-19:18	0.006734681259888958	True
(1-butylheptyl)-Benzene	0.0019891528955704976	single	1	HEALTHY:20,ICU-COVID-19:18	0.006763119844939692	True
PE(P-18:1_20:4)	0.002020143372694163	single	1	HEALTHY:20,ICU-COVID-19:18	0.006833444163756276	True
PC(O-44:4)	0.0021103928675030234	single	1	HEALTHY:20,ICU-COVID-19:18	0.007102489701291901	True
Erythrono-1,4-lactone	0.0021702489200786136	single	1	HEALTHY:20,ICU-COVID-19:18	0.007267045626323842	True
TG(10:0_18:1_18:2)	0.002277730042943178	single	1	HEALTHY:20,ICU-COVID-19:18	0.007552199871015668	True
(R*,S*)-2,3-Dihydroxybutanoic acid	0.002278190006339568	single	1	HEALTHY:20,ICU-COVID-19:18	0.007552199871015668	True
PE(18:0_18:1)	0.002338156514862347	aggregate	2	HEALTHY:20,ICU-COVID-19:18	0.007712426713202667	True
DG(18:0_26:6)	0.0023514397375298196	single	1	HEALTHY:20,ICU-COVID-19:18	0.007717844287040944	True
PE(P-18:0_20:4)	0.002410562503353738	single	1	HEALTHY:20,ICU-COVID-19:18	0.007872920885337576	True
SM(16:1;2O/14:0)	0.0029624332840059177	single	1	HEALTHY:20,ICU-COVID-19:18	0.009570407669447962	True
TG(18:0_18:0_18:1)	0.0029828557887302916	single	1	HEALTHY:20,ICU-COVID-19:18	0.009570407669447962	True
TG(18:0_18:1_22:4)	0.0029841907556020695	single	1	HEALTHY:20,ICU-COVID-19:18	0.009570407669447962	True
beta-D-Galactofuranose	0.002988045833447554	single	1	HEALTHY:20,ICU-COVID-19:18	0.009570407669447962	True
DG(40:2)	0.0030326039262235567	single	1	HEALTHY:20,ICU-COVID-19:18	0.009666425014837587	True
TG(15:0_16:0_24:0)	0.0030549435167524135	single	1	HEALTHY:20,ICU-COVID-19:18	0.009691040916779187	True
Dopamine, N,N-dimethyl-, dimethyl ether	0.003113203366051215	single	1	HEALTHY:20,ICU-COVID-19:18	0.009828827769961693	True
PE(18:2_18:2)	0.003156637076297061	single	1	HEALTHY:20,ICU-COVID-19:18	0.009918722187606406	True
3,4-Dimethoxymandelic acid	0.0033204832375835053	single	1	HEALTHY:20,ICU-COVID-19:18	0.010384341445838982	True
SM(36:2;2O)	0.003525464891127991	single	1	HEALTHY:20,ICU-COVID-19:18	0.010973630154074451	True
PE(P-16:0_18:2)	0.003578748800295286	single	1	HEALTHY:20,ICU-COVID-19:18	0.011047818451301596	True
2,2'-Bipyridine	0.0035826258929560232	single	1	HEALTHY:20,ICU-COVID-19:18	0.011047818451301596	True
TG(16:0_17:0_18:0)	0.0036200890196597356	single	1	HEALTHY:20,ICU-COVID-19:18	0.01111166212978891	True
2,5-Dimethoxyphenol	0.0037121679326109825	single	1	HEALTHY:20,ICU-COVID-19:18	0.01126664287569057	True
PC(O-36:4)	0.003722620324812651	single	1	HEALTHY:20,ICU-COVID-19:18	0.01126664287569057	True
DG(28:2)	0.0037274617090269	single	1	HEALTHY:20,ICU-COVID-19:18	0.01126664287569057	True
TG(16:0_16:0_18:1)	0.0037385541970617274	single	1	HEALTHY:20,ICU-COVID-19:18	0.01126664287569057	True
D-(+)-Ribono-1,4-lactone	0.003806326346500593	single	1	HEALTHY:20,ICU-COVID-19:18	0.011390613058855373	True
TG(16:1_17:1_18:2)	0.0038140514314719343	single	1	HEALTHY:20,ICU-COVID-19:18	0.011390613058855373	True
Palmitic acid, 4-hydroxybutyl ester	0.003926197765642892	single	1	HEALTHY:20,ICU-COVID-19:18	0.011672955688884473	True
CE(18:1)	0.004030120597868989	single	1	HEALTHY:20,ICU-COVID-19:18	0.011913613484618155	True
DG(18:0_18:1)	0.004043081499304804	single	1	HEALTHY:20,ICU-COVID-19:18	0.011913613484618155	True
PC(18:0_20:3)	0.0042064039651658405	single	1	HEALTHY:20,ICU-COVID-19:18	0.012340025791614832	True
TG(17:0_18:0_18:1)	0.004302763802576455	single	1	HEALTHY:20,ICU-COVID-19:18	0.012567103088582334	True
PC(17:0_20:3)	0.004520943266545991	single	1	HEALTHY:20,ICU-COVID-19:18	0.013113845103085905	True
TG(16:0_16:0_18:0)	0.004537334787926031	single	1	HEALTHY:20,ICU-COVID-19:18	0.013113845103085905	True
Glutamine	0.0045506510858367285	single	1	HEALTHY:20,ICU-COVID-19:18	0.013113845103085905	True
PE(18:1_18:1)	0.004569077253111379	aggregate	2	HEALTHY:20,ICU-COVID-19:18	0.013113845103085905	True
TG(18:1_18:1_20:1)	0.004609263672358676	single	1	HEALTHY:20,ICU-COVID-19:18	0.013172162994714666	True
PC(18:0_18:1)	0.004657606885018836	aggregate	2	HEALTHY:20,ICU-COVID-19:18	0.013253190406727419	True
Tridecane	0.0048454541688376295	single	1	HEALTHY:20,ICU-COVID-19:18	0.013728786811706617	True
Caffeine	0.004947797235851189	single	1	HEALTHY:20,ICU-COVID-19:18	0.013959104541997183	True
PC(34:3)	0.005026159162638623	single	1	HEALTHY:20,ICU-COVID-19:18	0.014120099681480537	True
CAR(16:0)	0.0050612677244342335	single	1	HEALTHY:20,ICU-COVID-19:18	0.014158736292404628	True
Dodecanoic acid	0.005140770028490127	single	1	HEALTHY:20,ICU-COVID-19:18	0.014320716507936784	True
Myristic acid	0.005482322851512303	single	1	HEALTHY:20,ICU-COVID-19:18	0.015208284730345845	True
Octan-2-yl palmitate	0.005572654813306859	single	1	HEALTHY:20,ICU-COVID-19:18	0.0153944589217602	True
LPC(18:2)	0.005835727921372357	single	1	HEALTHY:20,ICU-COVID-19:18	0.016054305443443453	True
TG(16:0_16:1_18:3)	0.006033004800598779	single	1	HEALTHY:20,ICU-COVID-19:18	0.016487857924221683	True
NAE(14:1)	0.006043061049149124	single	1	HEALTHY:20,ICU-COVID-19:18	0.016487857924221683	True
LPC(18:3/0:0)	0.006226709611927994	single	1	HEALTHY:20,ICU-COVID-19:18	0.016919297019296148	True
7,9-Di-tert-butyl-1-oxaspiro(4,5)deca-6,9-diene-2,8-dione	0.006285151877576842	single	1	HEALTHY:20,ICU-COVID-19:18	0.017008390591156924	True
1,2-Ethenediol	0.006353459260720884	single	1	HEALTHY:20,ICU-COVID-19:18	0.01710281867674719	True
Threonic acid	0.006371638330552875	single	1	HEALTHY:20,ICU-COVID-19:18	0.01710281867674719	True
PE(O-16:1_18:2)	0.0066595598623279875	single	1	HEALTHY:20,ICU-COVID-19:18	0.017803581406142965	True
Triethylene glycol	0.00712287820603612	single	1	HEALTHY:20,ICU-COVID-19:18	0.01896573594619256	True
TG(18:1_20:1_18:2)	0.007491154809724318	single	1	HEALTHY:20,ICU-COVID-19:18	0.019866542555388892	True
Arabinitol	0.007523182374320546	single	1	HEALTHY:20,ICU-COVID-19:18	0.019871991689938334	True
SM(18:1;2O/23:0)	0.007688239574649886	aggregate	2	HEALTHY:20,ICU-COVID-19:18	0.02022739221425744	True
SM(41:2;3O)	0.00778489056633894	single	1	HEALTHY:20,ICU-COVID-19:18	0.020400721128390188	True
PC(38:4)	0.008068393026225177	single	1	HEALTHY:20,ICU-COVID-19:18	0.021060411718060203	True
PC(O-36:3)	0.008185035998276517	single	1	HEALTHY:20,ICU-COVID-19:18	0.021281093595518944	True
TG(22:0_18:1_18:2)	0.008357927948769833	single	1	HEALTHY:20,ICU-COVID-19:18	0.02164572746107187	True
DG(18:1_18:2)	0.008982472175201862	single	1	HEALTHY:20,ICU-COVID-19:18	0.0231726811368048	True
DG(40:3)	0.009841134310270748	single	1	HEALTHY:20,ICU-COVID-19:18	0.025289426541509712	True
m-Cresol	0.010551883468878276	single	1	HEALTHY:20,ICU-COVID-19:18	0.026925436257389267	True
SM(17:1;2O/22:0)	0.010594138815792232	single	1	HEALTHY:20,ICU-COVID-19:18	0.026925436257389267	True
TG(16:0_16:1_18:1)	0.010599606128474508	single	1	HEALTHY:20,ICU-COVID-19:18	0.026925436257389267	True
TG(16:1_16:1_18:2)	0.010680887243151386	single	1	HEALTHY:20,ICU-COVID-19:18	0.026985746676698112	True
LPC(O-18:1)	0.01070475320659367	single	1	HEALTHY:20,ICU-COVID-19:18	0.026985746676698112	True
PE(P-18:0_18:2)	0.010781301841019912	single	1	HEALTHY:20,ICU-COVID-19:18	0.027075769396197734	True
PE(O-18:1_20:4)	0.010917454338514753	single	1	HEALTHY:20,ICU-COVID-19:18	0.027227681078023463	True
TG(18:0_20:4_22:6)	0.010923926345029021	single	1	HEALTHY:20,ICU-COVID-19:18	0.027227681078023463	True
2,2-dimethyl-1-Octanol	0.011528031546136696	single	1	HEALTHY:20,ICU-COVID-19:18	0.028625786198833818	True
TG(16:0_18:0_19:0)	0.011611289194824513	single	1	HEALTHY:20,ICU-COVID-19:18	0.02872494304540542	True
TG(16:0_16:1_18:2)	0.012181500523386323	single	1	HEALTHY:20,ICU-COVID-19:18	0.030023549617119453	True
TG(16:0_18:0_24:0)	0.012477959649971155	single	1	HEALTHY:20,ICU-COVID-19:18	0.030640323140484725	True
PC(14:0_20:4)	0.012578893869205283	single	1	HEALTHY:20,ICU-COVID-19:18	0.030774194226136913	True
Hexanedioic acid	0.012788762797496312	single	1	HEALTHY:20,ICU-COVID-19:18	0.031172609318897263	True
PE(18:1_18:2)	0.01296210685774428	aggregate	2	HEALTHY:20,ICU-COVID-19:18	0.03147940236880754	True
TG(18:0_24:0_18:1)	0.01305226083854858	single	1	HEALTHY:20,ICU-COVID-19:18	0.031582660350210616	True
ST(28:1;O;S)	0.014093228482516124	single	1	HEALTHY:20,ICU-COVID-19:18	0.033977492668757055	True
1-Monooleoylglycerol	0.014985463166586548	single	1	HEALTHY:20,ICU-COVID-19:18	0.03599768869364812	True
PE(O-16:1_20:4)	0.01572711924566789	single	1	HEALTHY:20,ICU-COVID-19:18	0.03764288830280798	True
PC(36:5)	0.015912829855538334	single	1	HEALTHY:20,ICU-COVID-19:18	0.03795038199360401	True
SM(17:2;2O/16:0)	0.016801762358568763	single	1	HEALTHY:20,ICU-COVID-19:18	0.03975866930133915	True
PE(O-18:2_20:4)	0.016907800298236672	single	1	HEALTHY:20,ICU-COVID-19:18	0.03975866930133915	True
PC(18:0_20:4)	0.01691050684497776	aggregate	2	HEALTHY:20,ICU-COVID-19:18	0.03975866930133915	True
TG(18:0_18:1_22:6)	0.016910927214144254	single	1	HEALTHY:20,ICU-COVID-19:18	0.03975866930133915	True
DG(38:3)	0.017433674891065537	single	1	HEALTHY:20,ICU-COVID-19:18	0.04084284965645389	True
Hexadecane	0.01847764623699088	single	1	HEALTHY:20,ICU-COVID-19:18	0.04313619526452448	True
PE(O-16:1_22:4)	0.018902329219536003	single	1	HEALTHY:20,ICU-COVID-19:18	0.04364179213837412	True
1-acetyl-2-methyl-Azetidine	0.018922665836288478	single	1	HEALTHY:20,ICU-COVID-19:18	0.04364179213837412	True
TG(15:0_16:0_18:2)	0.018957520566895546	single	1	HEALTHY:20,ICU-COVID-19:18	0.04364179213837412	True
TG(15:0_16:1_18:1)	0.018957520566895546	single	1	HEALTHY:20,ICU-COVID-19:18	0.04364179213837412	True
TG(10:0_16:1_18:1)	0.01998920454514272	single	1	HEALTHY:20,ICU-COVID-19:18	0.04585758689768035	True
2-Ethyl-1-dodecanol	0.020722809700736197	single	1	HEALTHY:20,ICU-COVID-19:18	0.04737663045375206	True
SM(11:0;2O/21:1)	0.021162153233930437	single	1	HEALTHY:20,ICU-COVID-19:18	0.04821480272885182	True
1-Deoxypentitol	0.02296612352174784	single	1	HEALTHY:20,ICU-COVID-19:18	0.05214568457163979	False
Oxalic acid	0.02360512753486625	single	1	HEALTHY:20,ICU-COVID-19:18	0.053274284221870756	False
DG(25:1)	0.023623890740920063	single	1	HEALTHY:20,ICU-COVID-19:18	0.053274284221870756	False
PC(15:0_20:4)	0.02404025084233959	single	1	HEALTHY:20,ICU-COVID-19:18	0.05393766345368528	False
LPE(O-16:1)	0.024090799344419735	aggregate	2	HEALTHY:20,ICU-COVID-19:18	0.05393766345368528	False
PC(14:0_18:2)	0.02416212073264635	single	1	HEALTHY:20,ICU-COVID-19:18	0.05393766345368528	False
CE(18:2)	0.024406412027665164	single	1	HEALTHY:20,ICU-COVID-19:18	0.054212892157189	False
2-Pyridinecarboxylic acid	0.024448951365006803	single	1	HEALTHY:20,ICU-COVID-19:18	0.054212892157189	False
PC(20:4_20:4)	0.025187502133723314	single	1	HEALTHY:20,ICU-COVID-19:18	0.055664379715528525	False
PE(O-18:2_18:2)	0.025620792363487528	single	1	HEALTHY:20,ICU-COVID-19:18	0.05643383832887784	False
alpha-D-(-)-Ribopyranose	0.026944461031291448	single	1	HEALTHY:20,ICU-COVID-19:18	0.05895768205856842	False
D-Arabinopyranose	0.026944461031291448	single	1	HEALTHY:20,ICU-COVID-19:18	0.05895768205856842	False
Benzophenone	0.027262944030951617	single	1	HEALTHY:20,ICU-COVID-19:18	0.059458328593818825	False
2-Hydroxy-4-methoxybenzaldehyde	0.027424081100740207	single	1	HEALTHY:20,ICU-COVID-19:18	0.05959641709868961	False
SM(34:0;3O)	0.02750603866093367	single	1	HEALTHY:20,ICU-COVID-19:18	0.05959641709868961	False
(Z)-9-Octadecenamide	0.02849662982261203	single	1	HEALTHY:20,ICU-COVID-19:18	0.06154158166902858	False
Dodecane	0.028598119012775345	single	1	HEALTHY:20,ICU-COVID-19:18	0.0615602367060716	False
L-5-Oxoproline	0.02923353915332078	single	1	HEALTHY:20,ICU-COVID-19:18	0.0627243898338242	False
4-Hydroxybenzaldehyde	0.029361852146188812	single	1	HEALTHY:20,ICU-COVID-19:18	0.06279647733201027	False
(E)-9-Octadecenoic acid	0.029894100080202605	single	1	HEALTHY:20,ICU-COVID-19:18	0.06372922300056054	False
TG(15:0_16:0_18:0)	0.03066184694669838	aggregate	2	HEALTHY:20,ICU-COVID-19:18	0.06515642476173406	False
(Z)-2-Dodecene	0.03110198376364709	single	1	HEALTHY:20,ICU-COVID-19:18	0.06588055985718218	False
Tetrahydrogeranyl formate	0.03198687447974708	single	1	HEALTHY:20,ICU-COVID-19:18	0.0675391649046889	False
LPE(16:0)	0.032308878638794586	aggregate	2	HEALTHY:20,ICU-COVID-19:18	0.06800249694451051	False
SM(34:7;3O)	0.033158986186173245	single	1	HEALTHY:20,ICU-COVID-19:18	0.06957091089061032	False
5,6-dimethyl-Decane	0.03348974342288095	single	1	HEALTHY:20,ICU-COVID-19:18	0.06986384657009051	False
Glycine	0.03367629112587585	single	1	HEALTHY:20,ICU-COVID-19:18	0.06986384657009051	False
D-(-)-Tagatofuranose	0.03378101168864175	single	1	HEALTHY:20,ICU-COVID-19:18	0.06986384657009051	False
PC(O-38:6)	0.033822265912874204	single	1	HEALTHY:20,ICU-COVID-19:18	0.06986384657009051	False
L-Threonine	0.03382548227601667	single	1	HEALTHY:20,ICU-COVID-19:18	0.06986384657009051	False
SM(37:6;2O)	0.034355739477976426	single	1	HEALTHY:20,ICU-COVID-19:18	0.07073868097483967	False
Dodecanamide	0.036164790859918264	single	1	HEALTHY:20,ICU-COVID-19:18	0.07423299176509539	False
SM(34:1;2O)	0.03736998112117011	single	1	HEALTHY:20,ICU-COVID-19:18	0.07626127823739806	False
TG(15:0_16:0_18:1)	0.0373829795281363	single	1	HEALTHY:20,ICU-COVID-19:18	0.07626127823739806	False
SM(42:4;2O)	0.037506020361911474	single	1	HEALTHY:20,ICU-COVID-19:18	0.07627758128818193	False
SM(34:0;2O)	0.03881820747372241	single	1	HEALTHY:20,ICU-COVID-19:18	0.07870480597883167	False
SM(18:2;2O/21:0)	0.03899653192836509	single	1	HEALTHY:20,ICU-COVID-19:18	0.078825306916177	False
Trimethylolpropane	0.03978349320827892	single	1	HEALTHY:20,ICU-COVID-19:18	0.08017159877534627	False
Malic acid	0.04058278668214995	aggregate	2	HEALTHY:20,ICU-COVID-19:18	0.08153450778868308	False
1-Phenyl-1,2-ethanediol	0.043276405681813096	single	1	HEALTHY:20,ICU-COVID-19:18	0.08658580073809145	False
PC(16:1_22:6)	0.04335819886130673	single	1	HEALTHY:20,ICU-COVID-19:18	0.08658580073809145	False
Heptanoic acid	0.04364251164707658	single	1	HEALTHY:20,ICU-COVID-19:18	0.08689184751354886	False
(Z)-10-Heptadecenoic acid	0.04411794766055913	single	1	HEALTHY:20,ICU-COVID-19:18	0.08757544700284642	False
(1-methyldecyl)-Benzene	0.04431026635587583	single	1	HEALTHY:20,ICU-COVID-19:18	0.08769464654909156	False
DG(30:6)	0.04577288863743336	single	1	HEALTHY:20,ICU-COVID-19:18	0.09031971775779261	False
DG(34:0)	0.04619073186615956	single	1	HEALTHY:20,ICU-COVID-19:18	0.09087375438357208	False
LPE(O-18:1)	0.047380472169415155	aggregate	2	HEALTHY:20,ICU-COVID-19:18	0.0929386184861605	False
2-butyl-1-Octanol	0.04754175126570351	single	1	HEALTHY:20,ICU-COVID-19:18	0.09297988521876528	False
3,7-dimethyl-Undecane	0.0480610577682949	single	1	HEALTHY:20,ICU-COVID-19:18	0.09349966802311786	False
TG(16:0_18:0_20:0)	0.048089572844469367	single	1	HEALTHY:20,ICU-COVID-19:18	0.09349966802311786	False
DG(18:1_18:1)	0.050239354182143876	single	1	HEALTHY:20,ICU-COVID-19:18	0.09739383573906839	False
SM(43:2;3O)	0.05119677525979751	single	1	HEALTHY:20,ICU-COVID-19:18	0.098960530604215	False
LPC(14:0/0:0)	0.054456391031719224	single	1	HEALTHY:20,ICU-COVID-19:18	0.10493657086312248	False
(Z)-13-Docosenamide	0.05460500293782392	single	1	HEALTHY:20,ICU-COVID-19:18	0.10493657086312248	False
Levetiracetam	0.055555815170156	single	1	HEALTHY:20,ICU-COVID-19:18	0.10645521808616597	False
Triethanolamine	0.05719257680329958	single	1	HEALTHY:20,ICU-COVID-19:18	0.1092757303186963	False
MG(21:1)	0.05942956005157028	single	1	HEALTHY:20,ICU-COVID-19:18	0.11322355837411234	False
PE(O-18:1_18:2)	0.0599823546992104	single	1	HEALTHY:20,ICU-COVID-19:18	0.11394928700738251	False
DG(18:2_22:6)	0.06395516010907981	single	1	HEALTHY:20,ICU-COVID-19:18	0.12114934614948547	False
3-cyclohexen-1-yl-Benzene	0.0655991207045039	single	1	HEALTHY:20,ICU-COVID-19:18	0.12390945021961847	False
LPE(18:1)	0.07077316631659301	aggregate	2	HEALTHY:20,ICU-COVID-19:18	0.1333028672383556	False
Heptadecane	0.07100280566204337	single	1	HEALTHY:20,ICU-COVID-19:18	0.13335654434542424	False
DG(36:1)	0.07129459086560655	single	1	HEALTHY:20,ICU-COVID-19:18	0.13352631001100887	False
PC(14:0_16:0)	0.07158538458377631	single	1	HEALTHY:20,ICU-COVID-19:18	0.13369326754660196	False
2-methyl-Pentadecane	0.07271332000725735	single	1	HEALTHY:20,ICU-COVID-19:18	0.13541834596857197	False
DG(26:1)	0.07292034014952196	single	1	HEALTHY:20,ICU-COVID-19:18	0.13542348884911223	False
Arabinose	0.0737961125323525	single	1	HEALTHY:20,ICU-COVID-19:18	0.1364836783502612	False
SM(17:1;2O/24:1)	0.07401626892823593	single	1	HEALTHY:20,ICU-COVID-19:18	0.1364836783502612	False
ST(29:1;O;S)	0.07427572880720455	single	1	HEALTHY:20,ICU-COVID-19:18	0.1364836783502612	False
PI(16:0_18:2)	0.07431464235964448	single	1	HEALTHY:20,ICU-COVID-19:18	0.1364836783502612	False
PC(16:0_18:2)	0.07615442848946065	aggregate	2	HEALTHY:20,ICU-COVID-19:18	0.13947620466439895	False
4,6,8-trimethyl-1-Nonene	0.07725595550085024	single	1	HEALTHY:20,ICU-COVID-19:18	0.14110385260899092	False
2,3,5,8-tetramethyl-Decane	0.07811710153678994	single	1	HEALTHY:20,ICU-COVID-19:18	0.14228472065629594	False
1-Hydroxy-3-(octanoyloxy)propan-2-yl decanoate	0.07920480683812804	single	1	HEALTHY:20,ICU-COVID-19:18	0.1438706491333668	False
Galactopyranose	0.08009316904115088	single	1	HEALTHY:20,ICU-COVID-19:18	0.14480561042927356	False
2,5-dimethoxy-Benzaldehyde	0.08015634845783319	single	1	HEALTHY:20,ICU-COVID-19:18	0.14480561042927356	False
PC(16:0_18:0)	0.08093669352779181	single	1	HEALTHY:20,ICU-COVID-19:18	0.1458180103503423	False
Pentadecane	0.0813990601831635	single	1	HEALTHY:20,ICU-COVID-19:18	0.14625359593885473	False
SM(32:0;2O)	0.08259389351125697	single	1	HEALTHY:20,ICU-COVID-19:18	0.14768652641933508	False
PI(18:0_18:2)	0.08264208341112114	single	1	HEALTHY:20,ICU-COVID-19:18	0.14768652641933508	False
DG(40:6)	0.08580569449424556	single	1	HEALTHY:20,ICU-COVID-19:18	0.15292789099377638	False
Ephedrine	0.08676049201878552	single	1	HEALTHY:20,ICU-COVID-19:18	0.15421503004947668	False
Benzoic Acid	0.08723803776372085	single	1	HEALTHY:20,ICU-COVID-19:18	0.1546492487629597	False
PC(O-36:1)	0.09060267144732766	single	1	HEALTHY:20,ICU-COVID-19:18	0.1601855231188753	False
PI(18:0_22:5)	0.09751400735809489	single	1	HEALTHY:20,ICU-COVID-19:18	0.1719462416979173	False
2-hexyl-1-Decanol	0.09791862903746032	single	1	HEALTHY:20,ICU-COVID-19:18	0.1719580509220222	False
SM(16:1;2O/16:0)	0.09803943174739727	single	1	HEALTHY:20,ICU-COVID-19:18	0.1719580509220222	False
LPC(22:6/0:0)	0.0990506862456469	single	1	HEALTHY:20,ICU-COVID-19:18	0.17327336406560395	False
1,2-Cyclohexanedicarboxylic acid, 2-methylpent-3-yl nonyl ester	0.1002943068320478	single	1	HEALTHY:20,ICU-COVID-19:18	0.1749871721832834	False
Histidine	0.10129064571093822	single	1	HEALTHY:20,ICU-COVID-19:18	0.17626167481982163	False
4-methyl-Undecane	0.10188428257307945	single	1	HEALTHY:20,ICU-COVID-19:18	0.176830574204062	False
LPE(20:3)	0.10520090568875981	single	1	HEALTHY:20,ICU-COVID-19:18	0.18211018399908033	False
Dodecanoic acid, 1-methylethyl ester	0.1066856678183898	single	1	HEALTHY:20,ICU-COVID-19:18	0.18419947334268863	False
SM(25:0;2O/13:1)	0.10754821813092398	single	1	HEALTHY:20,ICU-COVID-19:18	0.18520641200208465	False
2,6-bis(1,1-dimethylethyl)-2,5-Cyclohexadiene-1,4-dione	0.10964779542653932	single	1	HEALTHY:20,ICU-COVID-19:18	0.1883328714191595	False
PC(16:0_16:1)	0.11078615343182428	aggregate	2	HEALTHY:20,ICU-COVID-19:18	0.1897964333987067	False
TG(15:0_16:1_18:2)	0.11164733689733677	single	1	HEALTHY:20,ICU-COVID-19:18	0.1907315057257504	False
TG(10:0_10:0_18:1)	0.11190732387227287	single	1	HEALTHY:20,ICU-COVID-19:18	0.1907315057257504	False
TG(12:0_16:1_18:1)	0.11455416916500098	single	1	HEALTHY:20,ICU-COVID-19:18	0.19474208758050165	False
PC(O-39:4)	0.11507772323411111	single	1	HEALTHY:20,ICU-COVID-19:18	0.19513179157088406	False
LPC(22:6)	0.11555096557681041	aggregate	2	HEALTHY:20,ICU-COVID-19:18	0.19537320530636318	False
DG(32:0)	0.11580945653906595	single	1	HEALTHY:20,ICU-COVID-19:18	0.19537320530636318	False
alpha-Tocopherol	0.12006204284434469	aggregate	2	HEALTHY:20,ICU-COVID-19:18	0.20203333605533128	False
TG(10:0_17:1_18:1)	0.12115814899278068	single	1	HEALTHY:20,ICU-COVID-19:18	0.20336165261319897	False
PC(O-32:0)	0.12172483072471545	single	1	HEALTHY:20,ICU-COVID-19:18	0.20379687568304633	False
Benzothiazole	0.1232032222811939	single	1	HEALTHY:20,ICU-COVID-19:18	0.20575248456531878	False
o-Anisic acid, tridec-2-ynyl ester	0.1251590484209157	single	1	HEALTHY:20,ICU-COVID-19:18	0.20849359071122386	False
SM(46:5;3O)	0.12590077519219997	single	1	HEALTHY:20,ICU-COVID-19:18	0.20920354374042252	False
Tridecanoic acid	0.12990400446499853	single	1	HEALTHY:20,ICU-COVID-19:18	0.21531588740073507	False
2,4,6-trimethyl-Decane	0.13106084855158523	single	1	HEALTHY:20,ICU-COVID-19:18	0.2166916274057382	False
Oxalic acid, heptyl propyl ester	0.13263527346142465	single	1	HEALTHY:20,ICU-COVID-19:18	0.2187492196639914	False
p-Toluic acid	0.13361509854847742	single	1	HEALTHY:20,ICU-COVID-19:18	0.2198183879345919	False
L-Sorbopyranose	0.13430106441681947	single	1	HEALTHY:20,ICU-COVID-19:18	0.22040001412958246	False
PI(18:0_22:6)	0.13693144924185854	single	1	HEALTHY:20,ICU-COVID-19:18	0.22416185394407953	False
SM(18:1;2O/19:1)	0.13864632000739882	single	1	HEALTHY:20,ICU-COVID-19:18	0.22641012355888032	False
Pentadecanoic acid	0.1408458730972455	single	1	HEALTHY:20,ICU-COVID-19:18	0.22943688909944412	False
CE(20:5)	0.14392292219664757	single	1	HEALTHY:20,ICU-COVID-19:18	0.23360009854591457	False
PC(O-36:5)	0.14410624480434248	single	1	HEALTHY:20,ICU-COVID-19:18	0.23360009854591457	False
D-(+)-Galactopyranose	0.14503605280204693	single	1	HEALTHY:20,ICU-COVID-19:18	0.2341148778041135	False
DG(36:2)	0.14513003737178076	single	1	HEALTHY:20,ICU-COVID-19:18	0.2341148778041135	False
Acetamide	0.14622158446212205	single	1	HEALTHY:20,ICU-COVID-19:18	0.23530318082132748	False
Urea	0.14771423426946012	single	1	HEALTHY:20,ICU-COVID-19:18	0.23712963031634882	False
TG(14:0_16:0_18:0)	0.14945210834445663	single	1	HEALTHY:20,ICU-COVID-19:18	0.23933997060960083	False
Benzyl alcohol	0.15008416293111404	single	1	HEALTHY:20,ICU-COVID-19:18	0.2397730121044063	False
1,5-Anhydroglucitol	0.15117906854738508	single	1	HEALTHY:20,ICU-COVID-19:18	0.2408254171886729	False
SM(18:1;2O/18:2)	0.15146938004174448	single	1	HEALTHY:20,ICU-COVID-19:18	0.2408254171886729	False
DG(31:3)	0.153416833853976	single	1	HEALTHY:20,ICU-COVID-19:18	0.24333818384015812	False
LPC(14:0)	0.15535412415124117	aggregate	2	HEALTHY:20,ICU-COVID-19:18	0.2458228742536346	False
SM(16:1;2O/22:0)	0.1562421729171203	single	1	HEALTHY:20,ICU-COVID-19:18	0.2466394301048828	False
SM(32:1;2O)	0.1569094271019888	single	1	HEALTHY:20,ICU-COVID-19:18	0.2471043946998066	False
SM(18:2;2O/20:0)	0.15777651460325898	single	1	HEALTHY:20,ICU-COVID-19:18	0.2478811118055941	False
SM(42:2;2O)	0.15900568615912705	single	1	HEALTHY:20,ICU-COVID-19:18	0.24922167830614952	False
PC(O-38:4)	0.16306687051738622	single	1	HEALTHY:20,ICU-COVID-19:18	0.2549842810212903	False
Diethylcarbamic acid	0.16373645049538257	single	1	HEALTHY:20,ICU-COVID-19:18	0.2554288627727968	False
Methyl alpha-D-glucofuranoside	0.17054162721041288	single	1	HEALTHY:20,ICU-COVID-19:18	0.26529320350328184	False
L-Glutamine	0.17086002699230973	single	1	HEALTHY:20,ICU-COVID-19:18	0.26529320350328184	False
SM(46:4;3O)	0.17143163778292214	single	1	HEALTHY:20,ICU-COVID-19:18	0.26555882207962	False
SM(18:2;2O/22:0)	0.17213981667343067	single	1	HEALTHY:20,ICU-COVID-19:18	0.2660342621316656	False
TG(15:0_16:0_16:1)	0.17301462733275869	single	1	HEALTHY:20,ICU-COVID-19:18	0.26676441377120697	False
PC(18:0_20:2)	0.1767209292314164	single	1	HEALTHY:20,ICU-COVID-19:18	0.2715299350380706	False
PC(O-44:6)	0.17692448255874285	single	1	HEALTHY:20,ICU-COVID-19:18	0.2715299350380706	False
4-methyl-Tetradecane	0.1781437320129158	single	1	HEALTHY:20,ICU-COVID-19:18	0.27276973285118516	False
3-Cyano-5,5-dimethoxycarbonyl-N-methylisoxazolidine	0.18026721595179654	single	1	HEALTHY:20,ICU-COVID-19:18	0.27495216582020343	False
decyl-Benzene	0.18039847983678506	single	1	HEALTHY:20,ICU-COVID-19:18	0.27495216582020343	False
TG(18:0_20:4_22:5)	0.18301452136602928	single	1	HEALTHY:20,ICU-COVID-19:18	0.27784144486545254	False
TG(15:1_16:1_16:1)	0.18313229473032092	single	1	HEALTHY:20,ICU-COVID-19:18	0.27784144486545254	False
Alanine, N-methyl-N-methoxycarbonyl-, undecyl ester	0.1870082685006357	single	1	HEALTHY:20,ICU-COVID-19:18	0.283074159853702	False
SM(34:2;3O)	0.1930113037775137	single	1	HEALTHY:20,ICU-COVID-19:18	0.2914954314453111	False
2-Ethyl-3-hydroxypropionic acid	0.1934759444399514	single	1	HEALTHY:20,ICU-COVID-19:18	0.29153307082656316	False
TG(15:0_16:0_16:0)	0.19644303929037524	single	1	HEALTHY:20,ICU-COVID-19:18	0.29498915505108225	False
PE(P-16:0_20:5)	0.1966594367007215	single	1	HEALTHY:20,ICU-COVID-19:18	0.29498915505108225	False
LPC(O-16:1)	0.19771733479872544	single	1	HEALTHY:20,ICU-COVID-19:18	0.29590653040983067	False
PI(18:0_20:3)	0.2055440188953594	single	1	HEALTHY:20,ICU-COVID-19:18	0.306927217404557	False
Heptacosane	0.20652122724255623	single	1	HEALTHY:20,ICU-COVID-19:18	0.30769342395913435	False
PC(O-40:4)	0.21118035054232	single	1	HEALTHY:20,ICU-COVID-19:18	0.3139295345505788	False
SM(19:1;2O/16:0)	0.21191905551948795	single	1	HEALTHY:20,ICU-COVID-19:18	0.3143228944282338	False
4-Hydroxybenzeneacetic acid	0.21431907490682514	single	1	HEALTHY:20,ICU-COVID-19:18	0.3171730952304131	False
LPC(18:0)	0.21725947004533563	aggregate	2	HEALTHY:20,ICU-COVID-19:18	0.32080852703799	False
LPC(20:3/0:0)	0.2205800890039718	single	1	HEALTHY:20,ICU-COVID-19:18	0.3249879977991851	False
FA(16:4)	0.2242124589420023	single	1	HEALTHY:20,ICU-COVID-19:18	0.32960722899899675	False
SM(18:1;2O/24:1)	0.22570748554181289	aggregate	2	HEALTHY:20,ICU-COVID-19:18	0.3310709356509335	False
SM(41:8;2O)	0.22626312137249396	single	1	HEALTHY:20,ICU-COVID-19:18	0.33115331008821963	False
PI(16:0_22:6)	0.23797162666662156	single	1	HEALTHY:20,ICU-COVID-19:18	0.3475224415858372	False
PC(16:0_20:5)	0.24127711134762775	aggregate	2	HEALTHY:20,ICU-COVID-19:18	0.35104757989151847	False
PC(O-34:1)	0.24144448933715298	single	1	HEALTHY:20,ICU-COVID-19:18	0.35104757989151847	False
alpha-D-Mannopyranose	0.24559911151726108	single	1	HEALTHY:20,ICU-COVID-19:18	0.35630680729965886	False
SM(21:1;2O/14:1)	0.24836375211110856	single	1	HEALTHY:20,ICU-COVID-19:18	0.35953093373289297	False
Citramalic acid	0.248916033227863	single	1	HEALTHY:20,ICU-COVID-19:18	0.35954538132913544	False
2-Undecen-4-ol	0.25102550711577926	single	1	HEALTHY:20,ICU-COVID-19:18	0.36180415482122097	False
Pyroglutamic acid	0.2542077269791353	single	1	HEALTHY:20,ICU-COVID-19:18	0.36559592838864796	False
Pentacosane	0.25508818670558603	single	1	HEALTHY:20,ICU-COVID-19:18	0.36606811209048384	False
TG(10:0_16:0_18:1)	0.256072784127675	single	1	HEALTHY:20,ICU-COVID-19:18	0.36668737770334453	False
PC(O-42:6)	0.2606170199418572	single	1	HEALTHY:20,ICU-COVID-19:18	0.37239026771864514	False
DG(18:2_18:2)	0.2642981672987066	single	1	HEALTHY:20,ICU-COVID-19:18	0.3768380320839623	False
TG(14:0_16:1_18:1)	0.2679502643916448	single	1	HEALTHY:20,ICU-COVID-19:18	0.38122537616236163	False
PI(18:0_20:4)	0.2740325270818501	single	1	HEALTHY:20,ICU-COVID-19:18	0.3890440373774446	False
Propanedioic acid	0.28413949037256747	single	1	HEALTHY:20,ICU-COVID-19:18	0.40253094469447054	False
SM(18:1;2O/22:0)	0.2854912826509895	single	1	HEALTHY:20,ICU-COVID-19:18	0.40358362558124955	False
TG(17:0_18:1_18:1)	0.28671824535280377	single	1	HEALTHY:20,ICU-COVID-19:18	0.40373571131941294	False
Arachidonic acid	0.2868167722947866	single	1	HEALTHY:20,ICU-COVID-19:18	0.40373571131941294	False
DG(25:0)	0.2937202870301243	single	1	HEALTHY:20,ICU-COVID-19:18	0.4125774370783314	False
TG(18:1_22:1_18:2)	0.2992657151181219	single	1	HEALTHY:20,ICU-COVID-19:18	0.4194781588230757	False
DG(41:8)	0.3003124501021598	single	1	HEALTHY:20,ICU-COVID-19:18	0.4200572878011222	False
LPC(20:3)	0.30132221344458543	single	1	HEALTHY:20,ICU-COVID-19:18	0.42058237371317925	False
TG(14:1_16:1_18:1)	0.302937441491671	single	1	HEALTHY:20,ICU-COVID-19:18	0.42194857922054174	False
LPC(16:0)	0.30371254566505335	single	1	HEALTHY:20,ICU-COVID-19:18	0.4221413370564578	False
PI(36:1)	0.30560841712468734	single	1	HEALTHY:20,ICU-COVID-19:18	0.42388782542608305	False
Boric acid	0.3068759570127587	single	1	HEALTHY:20,ICU-COVID-19:18	0.42475732672120886	False
6,8-Dioxapentadecane	0.3083576533859258	single	1	HEALTHY:20,ICU-COVID-19:18	0.42591900873931005	False
SM(42:1;3O)	0.3165525926714019	single	1	HEALTHY:20,ICU-COVID-19:18	0.4362895482806124	False
PI(36:3)	0.3171818435463879	fisher	2	HEALTHY:20,ICU-COVID-19:18	0.4362895482806124	False
4-Methylcyclohexylamine	0.32148132674453955	single	1	HEALTHY:20,ICU-COVID-19:18	0.4394921639275403	False
SM(17:1;2O/16:0)	0.321623688793568	single	1	HEALTHY:20,ICU-COVID-19:18	0.4394921639275403	False
PE(O-16:1_22:6)	0.3217155494072085	single	1	HEALTHY:20,ICU-COVID-19:18	0.4394921639275403	False
TG(10:0_16:0_18:0)	0.32216167672516527	single	1	HEALTHY:20,ICU-COVID-19:18	0.4394921639275403	False
2-Propenoic acid, 2-methyl-, 3,3,5-trimethylcyclohexyl ester	0.32391862587749787	single	1	HEALTHY:20,ICU-COVID-19:18	0.4402087837903368	False
PC(16:0_22:5)	0.32401491174914687	single	1	HEALTHY:20,ICU-COVID-19:18	0.4402087837903368	False
DG(34:2)	0.32602690764100173	single	1	HEALTHY:20,ICU-COVID-19:18	0.44141494400946496	False
SM(18:1;2O/22:3)	0.32623427234485347	single	1	HEALTHY:20,ICU-COVID-19:18	0.44141494400946496	False
Acetic anhydride	0.3287163882505979	single	1	HEALTHY:20,ICU-COVID-19:18	0.44386754666017597	False
Fluoranthene	0.34616773450779337	single	1	HEALTHY:20,ICU-COVID-19:18	0.46648213003794103	False
6-ethyl-2-methyl-Octane	0.34692385337803733	single	1	HEALTHY:20,ICU-COVID-19:18	0.4665527683359812	False
Dodecane, 2,7,10-trimethyl-	0.3478237271524809	single	1	HEALTHY:20,ICU-COVID-19:18	0.46681605486254013	False
PI(34:1)	0.35225445754608375	single	1	HEALTHY:20,ICU-COVID-19:18	0.4718074855617243	False
PI(38:3)	0.3540291000559731	single	1	HEALTHY:20,ICU-COVID-19:18	0.4732284139861092	False
SM(42:3;2O)	0.3549483669773097	single	1	HEALTHY:20,ICU-COVID-19:18	0.4735025499113809	False
Glutamic acid	0.35566852810520533	single	1	HEALTHY:20,ICU-COVID-19:18	0.4735105103087372	False
SM(18:2;2O/18:0)	0.36406041723216154	single	1	HEALTHY:20,ICU-COVID-19:18	0.4837115363224912	False
PC(O-40:5)	0.3697611055973842	single	1	HEALTHY:20,ICU-COVID-19:18	0.49030322602213144	False
2,6,10-trimethyl-Pentadecane	0.37449506675321653	single	1	HEALTHY:20,ICU-COVID-19:18	0.4955892799548554	False
PC(O-38:7)	0.3885908929189782	single	1	HEALTHY:20,ICU-COVID-19:18	0.5132186494129134	False
alpha-D-(+)-Talopyranose	0.3942034370979939	single	1	HEALTHY:20,ICU-COVID-19:18	0.5195961805088866	False
TG(16:0_15:1_16:1)	0.395183904000297	single	1	HEALTHY:20,ICU-COVID-19:18	0.5198550165718193	False
PC(O-44:5)	0.396096219086161	single	1	HEALTHY:20,ICU-COVID-19:18	0.5200233529784648	False
beta-D-(+)-Talopyranose	0.4006813248150094	single	1	HEALTHY:20,ICU-COVID-19:18	0.5243259011913401	False
PE(O-18:2_22:6)	0.4009551009110248	single	1	HEALTHY:20,ICU-COVID-19:18	0.5243259011913401	False
PC(16:0_17:0)	0.4036816669002109	single	1	HEALTHY:20,ICU-COVID-19:18	0.5268522542418106	False
TG(14:0_16:0_18:2)	0.4046497653462826	single	1	HEALTHY:20,ICU-COVID-19:18	0.5270781815807177	False
beta-D-Glucopyranose	0.4074429234631075	single	1	HEALTHY:20,ICU-COVID-19:18	0.5296758005020398	False
LPC(16:0/0:0)	0.41240998954148944	single	1	HEALTHY:20,ICU-COVID-19:18	0.5350838024775098	False
PC(17:0_20:4)	0.4146287272494329	single	1	HEALTHY:20,ICU-COVID-19:18	0.5369118089186992	False
LPC(22:5)	0.41713695967255127	single	1	HEALTHY:20,ICU-COVID-19:18	0.5391068309218352	False
PC(19:0_18:2)	0.42178281071035384	single	1	HEALTHY:20,ICU-COVID-19:18	0.5438878635321798	False
TG(14:0_16:1_18:2)	0.4224769980679828	single	1	HEALTHY:20,ICU-COVID-19:18	0.5438878635321798	False
LPC(17:0)	0.42668877681600703	aggregate	2	HEALTHY:20,ICU-COVID-19:18	0.5482454632345206	False
TG(14:0_15:0_18:2)	0.4279032372395698	single	1	HEALTHY:20,ICU-COVID-19:18	0.5482762348790331	False
L-Pyroglutamic acid	0.4283666510819595	single	1	HEALTHY:20,ICU-COVID-19:18	0.5482762348790331	False
PE(18:0_18:2)	0.43426795485410186	single	1	HEALTHY:20,ICU-COVID-19:18	0.5547584856806734	False
NAE(20:0)	0.4367310148845006	single	1	HEALTHY:20,ICU-COVID-19:18	0.5568320439777383	False
PE(P-16:0_20:4)	0.4390918986201362	single	1	HEALTHY:20,ICU-COVID-19:18	0.5577603330495376	False
LPC(20:4/0:0)	0.4395232699491072	single	1	HEALTHY:20,ICU-COVID-19:18	0.5577603330495376	False
Nonanoic acid	0.4399828871567243	single	1	HEALTHY:20,ICU-COVID-19:18	0.5577603330495376	False
L-Leucine	0.4412872024251978	single	1	HEALTHY:20,ICU-COVID-19:18	0.5583462122288285	False
CE(20:3)	0.4526715760651273	single	1	HEALTHY:20,ICU-COVID-19:18	0.5712002038637721	False
1-Hexadecanol	0.45316939250730637	single	1	HEALTHY:20,ICU-COVID-19:18	0.5712002038637721	False
Diphenyl ether	0.4554528614813387	single	1	HEALTHY:20,ICU-COVID-19:18	0.5729890837991035	False
LPE(18:2)	0.45779283682054484	aggregate	2	HEALTHY:20,ICU-COVID-19:18	0.5748421416894341	False
PC(O-38:5)	0.45903111787090445	single	1	HEALTHY:20,ICU-COVID-19:18	0.5753074312824379	False
TG(12:0_16:0_20:4)	0.460693547291789	single	1	HEALTHY:20,ICU-COVID-19:18	0.5763015506687851	False
Fluconazole	0.46925472415074665	aggregate	2	HEALTHY:20,ICU-COVID-19:18	0.5859056160300282	False
Crotonic acid	0.4724443817081241	single	1	HEALTHY:20,ICU-COVID-19:18	0.5887793704370042	False
TG(14:0_16:0_18:1)	0.48164251359367216	single	1	HEALTHY:20,ICU-COVID-19:18	0.5991162973970068	False
SM(41:3;3O)	0.4834731730139308	single	1	HEALTHY:20,ICU-COVID-19:18	0.6002672541352736	False
PI(18:1_20:4)	0.4845473774844481	single	1	HEALTHY:20,ICU-COVID-19:18	0.6004764696676431	False
PE(P-20:0_20:5)	0.49039961833378265	single	1	HEALTHY:20,ICU-COVID-19:18	0.6065950502897348	False
SM(34:2;2O)	0.4931241149402352	single	1	HEALTHY:20,ICU-COVID-19:18	0.6088292145351507	False
Supraene	0.4977387865189905	single	1	HEALTHY:20,ICU-COVID-19:18	0.6133844153570459	False
Diisoamyl ether	0.4993285716222824	single	1	HEALTHY:20,ICU-COVID-19:18	0.6135977657157	False
Diethylene glycol	0.4997628861032851	single	1	HEALTHY:20,ICU-COVID-19:18	0.6135977657157	False
PI(34:2)	0.5022693656589183	single	1	HEALTHY:20,ICU-COVID-19:18	0.6155352854563084	False
SM(44:2;3O)	0.5056577804562628	single	1	HEALTHY:20,ICU-COVID-19:18	0.6185444805212218	False
LPC(20:5/0:0)	0.5222789215999297	single	1	HEALTHY:20,ICU-COVID-19:18	0.6367075044931789	False
PE(P-16:0_18:1)	0.5224266703533775	single	1	HEALTHY:20,ICU-COVID-19:18	0.6367075044931789	False
2-Isopropyl-5-methyl-1-heptanol	0.5286152411335591	single	1	HEALTHY:20,ICU-COVID-19:18	0.641489731866851	False
LPC(16:1)	0.5294730033881032	single	1	HEALTHY:20,ICU-COVID-19:18	0.641489731866851	False
2,3-Butanediol	0.5302207738507305	single	1	HEALTHY:20,ICU-COVID-19:18	0.641489731866851	False
1-((1-((1-Methoxypropan-2-yl)oxy)propan-2-yl)oxy)propan-2-ol	0.5302207738507305	single	1	HEALTHY:20,ICU-COVID-19:18	0.641489731866851	False
DG(36:5)	0.5320857277367858	single	1	HEALTHY:20,ICU-COVID-19:18	0.6425734744799435	False
PI(38:6)	0.5381759037952665	single	1	HEALTHY:20,ICU-COVID-19:18	0.6487465894841121	False
TG(18:1_18:2_24:5)	0.5451217289264407	single	1	HEALTHY:20,ICU-COVID-19:18	0.6559268716483306	False
LPC(16:1/0:0)	0.5461688450986828	single	1	HEALTHY:20,ICU-COVID-19:18	0.6559962759065701	False
SM(37:2;3O)	0.5522760874647133	single	1	HEALTHY:20,ICU-COVID-19:18	0.6616977397707595	False
N-ethyl-Acetamide	0.5529118368521883	single	1	HEALTHY:20,ICU-COVID-19:18	0.6616977397707595	False
Nonadecane	0.5575664146174553	single	1	HEALTHY:20,ICU-COVID-19:18	0.6660658250295006	False
PE(17:0_17:0)	0.5703900474725225	single	1	HEALTHY:20,ICU-COVID-19:18	0.678495267177903	False
3-Pyridinol	0.5706151400742543	single	1	HEALTHY:20,ICU-COVID-19:18	0.678495267177903	False
TG(14:0_15:0_18:1)	0.5710412655886423	single	1	HEALTHY:20,ICU-COVID-19:18	0.678495267177903	False
N-Isobutyrylglycine	0.5857820497405885	single	1	HEALTHY:20,ICU-COVID-19:18	0.6946369501785816	False
SM(18:2;2O/24:2)	0.5873203926106562	single	1	HEALTHY:20,ICU-COVID-19:18	0.6946369501785816	False
SM(18:1;2O/26:2)	0.5877697270741844	single	1	HEALTHY:20,ICU-COVID-19:18	0.6946369501785816	False
Carbitol	0.5919271728353132	single	1	HEALTHY:20,ICU-COVID-19:18	0.6980620876101197	False
PE(P-18:0_22:5)	0.593630433723811	single	1	HEALTHY:20,ICU-COVID-19:18	0.6980620876101197	False
SM(18:2;2O/24:1)	0.5938265722656222	aggregate	2	HEALTHY:20,ICU-COVID-19:18	0.6980620876101197	False
PC(17:0_22:6)	0.5998809639886291	single	1	HEALTHY:20,ICU-COVID-19:18	0.7039311134946215	False
LPC(18:0/0:0)	0.6022345649769292	single	1	HEALTHY:20,ICU-COVID-19:18	0.7044340683892203	False
TG(14:0_15:0_16:1)	0.602434565274039	single	1	HEALTHY:20,ICU-COVID-19:18	0.7044340683892203	False
PI(38:4)	0.6053750797353636	single	1	HEALTHY:20,ICU-COVID-19:18	0.7066261934234966	False
PE(P-18:0_18:1)	0.612577083555732	single	1	HEALTHY:20,ICU-COVID-19:18	0.7132169768941674	False
TG(12:0_15:0_16:0)	0.6131729665605965	single	1	HEALTHY:20,ICU-COVID-19:18	0.7132169768941674	False
SM(36:0;2O)	0.6181456931883065	single	1	HEALTHY:20,ICU-COVID-19:18	0.7177418469069128	False
LPC(15:0/0:0)	0.6236045568242334	single	1	HEALTHY:20,ICU-COVID-19:18	0.7228143726826342	False
DG(34:1)	0.625189158632174	single	1	HEALTHY:20,ICU-COVID-19:18	0.7233864086791122	False
1,4-Benzenedicarboxylic acid, dimethyl ester	0.6319042736232928	single	1	HEALTHY:20,ICU-COVID-19:18	0.7298824623906675	False
SM(40:2;2O)	0.6352074845835698	single	1	HEALTHY:20,ICU-COVID-19:18	0.732421847441577	False
Bisphenol A monomethyl ether	0.6375254353486841	single	1	HEALTHY:20,ICU-COVID-19:18	0.7338183396461416	False
3,7-dimethyl-Decane	0.6408126791420229	single	1	HEALTHY:20,ICU-COVID-19:18	0.7363237543694301	False
SM(38:1;2O)	0.6431312215581589	single	1	HEALTHY:20,ICU-COVID-19:18	0.7369543332748589	False
PC(18:0_22:4)	0.6435845534934288	single	1	HEALTHY:20,ICU-COVID-19:18	0.7369543332748589	False
PI(36:2)	0.6553736937113095	single	1	HEALTHY:20,ICU-COVID-19:18	0.7478848258568385	False
Caprolactam	0.6553862501098389	single	1	HEALTHY:20,ICU-COVID-19:18	0.7478848258568385	False
PE(P-16:0_22:6)	0.6646070549665131	single	1	HEALTHY:20,ICU-COVID-19:18	0.7571039131319556	False
SM(39:6;2O)	0.6678283896950405	single	1	HEALTHY:20,ICU-COVID-19:18	0.7594686490013927	False
Lactic Acid	0.6691915248329907	single	1	HEALTHY:20,ICU-COVID-19:18	0.7597157208292343	False
SM(14:0;2O/22:2)	0.6828679057660821	single	1	HEALTHY:20,ICU-COVID-19:18	0.7730170545191951	False
LPC(18:1/0:0)	0.6832398098766943	single	1	HEALTHY:20,ICU-COVID-19:18	0.7730170545191951	False
PC(18:0_22:5)	0.6852345084604547	single	1	HEALTHY:20,ICU-COVID-19:18	0.7739531160294404	False
CE(18:3)	0.6889935299949094	single	1	HEALTHY:20,ICU-COVID-19:18	0.7768753578003825	False
TG(14:0_16:0_16:1)	0.6982012589864197	single	1	HEALTHY:20,ICU-COVID-19:18	0.7859209417792806	False
1,4-dimethoxy-Benzene	0.700176943373172	single	1	HEALTHY:20,ICU-COVID-19:18	0.7868090058583272	False
PI(16:0_20:4)	0.7079985427630289	single	1	HEALTHY:20,ICU-COVID-19:18	0.7942521723382202	False
Propylene glycol	0.7100291513747857	single	1	HEALTHY:20,ICU-COVID-19:18	0.7951846745970995	False
SM(18:0;2O/22:3)	0.712848010071683	single	1	HEALTHY:20,ICU-COVID-19:18	0.7969953299789643	False
SM(38:2;2O)	0.7170647969311765	single	1	HEALTHY:20,ICU-COVID-19:18	0.800360202635303	False
PC(18:1_18:2)	0.7205978120323207	aggregate	2	HEALTHY:20,ICU-COVID-19:18	0.8008265682258227	False
LPC(18:1)	0.7208018775619907	single	1	HEALTHY:20,ICU-COVID-19:18	0.8008265682258227	False
PI(38:5)	0.7211062763662385	single	1	HEALTHY:20,ICU-COVID-19:18	0.8008265682258227	False
DG(18:2_20:4)	0.7262370952954087	single	1	HEALTHY:20,ICU-COVID-19:18	0.8051759100014314	False
PC(18:0_18:2)	0.728619824553097	aggregate	2	HEALTHY:20,ICU-COVID-19:18	0.8064690211664496	False
Octadecane	0.7305318605368739	single	1	HEALTHY:20,ICU-COVID-19:18	0.8072295370647876	False
SM(18:1;2O/24:4)	0.7324613802421029	single	1	HEALTHY:20,ICU-COVID-19:18	0.8072295370647876	False
D-Mannose	0.7329595494917076	single	1	HEALTHY:20,ICU-COVID-19:18	0.8072295370647876	False
TG(12:0_16:0_18:0)	0.7393622718129808	single	1	HEALTHY:20,ICU-COVID-19:18	0.8129306570680037	False
PC(16:1_18:2)	0.7513704995747296	single	1	HEALTHY:20,ICU-COVID-19:18	0.8247659622815326	False
CE(20:4)	0.7527946710754028	single	1	HEALTHY:20,ICU-COVID-19:18	0.8249634164016397	False
Dodecane, 2,6,11-trimethyl-	0.7555983813323753	single	1	HEALTHY:20,ICU-COVID-19:18	0.826669516210173	False
TG(14:0_16:0_16:0)	0.7735445457002811	single	1	HEALTHY:20,ICU-COVID-19:18	0.8449094461273252	False
L-Isoleucine	0.7768716838396029	single	1	HEALTHY:20,ICU-COVID-19:18	0.8471479052395671	False
PI(40:6)	0.7786711982833675	single	1	HEALTHY:20,ICU-COVID-19:18	0.8477159350769666	False
Valproic acid	0.7809031618960898	single	1	HEALTHY:20,ICU-COVID-19:18	0.8478149853174444	False
SM(18:1;2O/24:0)	0.7819812883585932	single	1	HEALTHY:20,ICU-COVID-19:18	0.8478149853174444	False
Ribitol	0.7825984479853333	single	1	HEALTHY:20,ICU-COVID-19:18	0.8478149853174444	False
TG(12:0_14:0_16:0)	0.788623942268861	single	1	HEALTHY:20,ICU-COVID-19:18	0.8519897817501508	False
beta-D-Allopyranose	0.7890222111532317	single	1	HEALTHY:20,ICU-COVID-19:18	0.8519897817501508	False
PI(36:4)	0.7904092182638829	single	1	HEALTHY:20,ICU-COVID-19:18	0.8520996938356981	False
DG(30:3)	0.7990860863986234	single	1	HEALTHY:20,ICU-COVID-19:18	0.8590889671011493	False
L-Serine	0.7994840010579324	single	1	HEALTHY:20,ICU-COVID-19:18	0.8590889671011493	False
CE(22:6)	0.8101386834192317	single	1	HEALTHY:20,ICU-COVID-19:18	0.8672148508052624	False
Methyl galactoside	0.8103290533708538	single	1	HEALTHY:20,ICU-COVID-19:18	0.8672148508052624	False
LPC(20:4)	0.8118638720836073	aggregate	2	HEALTHY:20,ICU-COVID-19:18	0.8672148508052624	False
PI(16:0_16:1)	0.8122781634239336	single	1	HEALTHY:20,ICU-COVID-19:18	0.8672148508052624	False
TG(12:0_15:0_18:1)	0.8147524550221356	single	1	HEALTHY:20,ICU-COVID-19:18	0.8684580027004435	False
PC(O-32:1)	0.8176597762743938	single	1	HEALTHY:20,ICU-COVID-19:18	0.8701579962599086	False
PI(18:1_18:2)	0.8232075260559969	single	1	HEALTHY:20,ICU-COVID-19:18	0.8746579964344967	False
PC(O-40:6)	0.8332983777037377	single	1	HEALTHY:20,ICU-COVID-19:18	0.883962919068125	False
SM(33:2;3O)	0.8369842786111574	single	1	HEALTHY:20,ICU-COVID-19:18	0.886068202112313	False
SM(34:1;3O)	0.838668581483875	single	1	HEALTHY:20,ICU-COVID-19:18	0.886068202112313	False
SM(44:9;3O)	0.8392923543386615	single	1	HEALTHY:20,ICU-COVID-19:18	0.886068202112313	False
PE(P-18:0_22:6)	0.8410200855755603	single	1	HEALTHY:20,ICU-COVID-19:18	0.8864806307418068	False
L-Alanine	0.8642956757842092	single	1	HEALTHY:20,ICU-COVID-19:18	0.909568306420525	False
PC(16:0_20:4)	0.8677994773840261	aggregate	2	HEALTHY:20,ICU-COVID-19:18	0.9118083256824236	False
SM(40:1;2O)	0.8733970265756016	single	1	HEALTHY:20,ICU-COVID-19:18	0.916237703512063	False
PC(18:0_22:6)	0.8782950766826441	aggregate	2	HEALTHY:20,ICU-COVID-19:18	0.9199204357671296	False
PC(18:1_20:4)	0.8807767024207518	single	1	HEALTHY:20,ICU-COVID-19:18	0.9210645957491458	False
Biphenyl	0.8877946766611737	single	1	HEALTHY:20,ICU-COVID-19:18	0.9269415285454459	False
Cholesterol	0.8894677889149345	aggregate	2	HEALTHY:20,ICU-COVID-19:18	0.9270562006865074	False
DG(35:5)	0.8907010555615463	single	1	HEALTHY:20,ICU-COVID-19:18	0.9270562006865074	False
LPC(O-16:0)	0.8923735997993436	single	1	HEALTHY:20,ICU-COVID-19:18	0.9273412173463398	False
SM(42:4;3O)	0.8956892607917359	single	1	HEALTHY:20,ICU-COVID-19:18	0.9293301719951814	False
SM(18:1;2O/10:0)	0.8986238654266956	single	1	HEALTHY:20,ICU-COVID-19:18	0.9309181605904675	False
PI(18:0_18:1)	0.9051328909755054	single	1	HEALTHY:20,ICU-COVID-19:18	0.9361982944099221	False
SM(18:1;2O/16:0)	0.9073487668002911	aggregate	2	HEALTHY:20,ICU-COVID-19:18	0.9370283993591791	False
PC(18:1_22:6)	0.9102856851408319	single	1	HEALTHY:20,ICU-COVID-19:18	0.9385993922991781	False
DG(16:0_18:1)	0.9192388158383165	single	1	HEALTHY:20,ICU-COVID-19:18	0.9446720633862205	False
PC(18:0_20:5)	0.920032574285371	single	1	HEALTHY:20,ICU-COVID-19:18	0.9446720633862205	False
SM(40:7;2O)	0.9204497027865738	single	1	HEALTHY:20,ICU-COVID-19:18	0.9446720633862205	False
SM(18:2;2O/16:0)	0.9377566141554668	aggregate	2	HEALTHY:20,ICU-COVID-19:18	0.9601315632802436	False
Tetradecane	0.9384091297218671	single	1	HEALTHY:20,ICU-COVID-19:18	0.9601315632802436	False
N,N-diethyl-Formamide	0.9419702606043783	single	1	HEALTHY:20,ICU-COVID-19:18	0.9622901121428394	False
PC(16:0_22:6)	0.9482898424864987	aggregate	2	HEALTHY:20,ICU-COVID-19:18	0.9660191158355462	False
SM(18:1;2O/18:0)	0.9485346069516449	aggregate	2	HEALTHY:20,ICU-COVID-19:18	0.9660191158355462	False
2,6-dimethyl-Heptadecane	0.9545349447680661	single	1	HEALTHY:20,ICU-COVID-19:18	0.9706390619343985	False
Creatinine	0.9622857781809981	single	1	HEALTHY:20,ICU-COVID-19:18	0.9770221606952554	False
PI(16:0_18:1)	0.9680823394773377	single	1	HEALTHY:20,ICU-COVID-19:18	0.980598015740483	False
L-Proline	0.9687657621568875	single	1	HEALTHY:20,ICU-COVID-19:18	0.980598015740483	False
Undecane	0.9709067884622924	single	1	HEALTHY:20,ICU-COVID-19:18	0.9812670743147863	False
DG(30:5)	0.9793422375452311	single	1	HEALTHY:20,ICU-COVID-19:18	0.9882860022716715	False
PE(P-18:1_22:6)	0.9825790421588873	single	1	HEALTHY:20,ICU-COVID-19:18	0.9900454482543195	False
PC(O-40:7)	0.9878290475266125	single	1	HEALTHY:20,ICU-COVID-19:18	0.9935628628310776	False
PI(32:1)	0.98938287373159	single	1	HEALTHY:20,ICU-COVID-19:18	0.9935628628310776	False
TG(14:0_15:0_16:0)	0.9905656897908632	single	1	HEALTHY:20,ICU-COVID-19:18	0.9935628628310776	False
PC(18:2_18:2)	0.9981835232382403	single	1	HEALTHY:20,ICU-COVID-19:18	0.998690787256516	False
Itaconic acid	0.998690787256516	single	1	HEALTHY:20,ICU-COVID-19:18	0.998690787256516	False
