identifier,significant
CHEBI:10072,1
CHEBI:101278,0
CHEBI:10362,1
CHEBI:116314,0
CHEBI:131434,0
CHEBI:132477,1
CHEBI:132479,0
CHEBI:132983,1
CHEBI:133005,0
CHEBI:133026,0
CHEBI:133028,1
CHEBI:133032,0
CHEBI:133086,1
CHEBI:133089,0
CHEBI:133092,1
CHEBI:133096,1
CHEBI:133148,0
CHEBI:133172,1
CHEBI:133176,0
CHEBI:133183,0
CHEBI:133185,1
CHEBI:133186,0
CHEBI:133197,0
CHEBI:133199,0
CHEBI:133223,0
CHEBI:133226,1
CHEBI:133430,1
CHEBI:133435,0
CHEBI:133458,0
CHEBI:133460,1
CHEBI:133469,0
CHEBI:133474,0
CHEBI:133530,0
CHEBI:133532,0
CHEBI:133542,0
CHEBI:133548,0
CHEBI:133559,1
CHEBI:133562,1
CHEBI:133565,0
CHEBI:133568,0
CHEBI:133570,0
CHEBI:133668,0
CHEBI:133677,1
CHEBI:133678,0
CHEBI:133693,1
CHEBI:133694,1
CHEBI:133704,1
CHEBI:133706,0
CHEBI:133709,0
CHEBI:133747,0
CHEBI:134206,0
CHEBI:134543,0
CHEBI:136614,0
CHEBI:136638,0
CHEBI:137228,0
CHEBI:137271,1
CHEBI:137814,1
CHEBI:138529,0
CHEBI:139374,0
CHEBI:139582,0
CHEBI:140999,0
CHEBI:141,0
CHEBI:142590,0
CHEBI:1427,0
CHEBI:143180,1
CHEBI:143890,1
CHEBI:145961,1
CHEBI:146206,0
CHEBI:151,0
CHEBI:15344,1
CHEBI:15354,0
CHEBI:15428,1
CHEBI:1556,0
CHEBI:15603,1
CHEBI:15611,0
CHEBI:15678,1
CHEBI:15689,0
CHEBI:15724,1
CHEBI:15729,0
CHEBI:15741,0
CHEBI:15746,1
CHEBI:15756,1
CHEBI:157781,0
CHEBI:15843,0
CHEBI:15854,0
CHEBI:15891,0
CHEBI:15893,0
CHEBI:15908,0
CHEBI:15963,1
CHEBI:15971,1
CHEBI:15978,1
CHEBI:15999,1
CHEBI:16003,1
CHEBI:16015,1
CHEBI:16020,1
CHEBI:16027,0
CHEBI:1606,0
CHEBI:16113,0
CHEBI:16175,1
CHEBI:16189,1
CHEBI:16196,1
CHEBI:16199,1
CHEBI:16238,0
CHEBI:16244,0
CHEBI:16259,1
CHEBI:16283,1
CHEBI:16288,0
CHEBI:16344,1
CHEBI:16347,1
CHEBI:16349,1
CHEBI:16359,0
CHEBI:16393,0
CHEBI:16411,0
CHEBI:16414,1
CHEBI:16437,1
CHEBI:16450,0
CHEBI:16467,1
CHEBI:16513,1
CHEBI:16525,1
CHEBI:16530,1
CHEBI:16534,0
CHEBI:165398,0
CHEBI:16552,0
CHEBI:165558,0
CHEBI:165601,1
CHEBI:165602,0
CHEBI:165607,1
CHEBI:165628,1
CHEBI:165630,1
CHEBI:16566,0
CHEBI:165856,1
CHEBI:165864,1
CHEBI:16610,1
CHEBI:16643,0
CHEBI:166485,1
CHEBI:166487,0
CHEBI:16668,0
CHEBI:166729,0
CHEBI:166730,1
CHEBI:166737,0
CHEBI:166739,0
CHEBI:16675,1
CHEBI:16680,1
CHEBI:16682,0
CHEBI:16704,1
CHEBI:16708,1
CHEBI:167215,0
CHEBI:16737,0
CHEBI:16742,0
CHEBI:16755,0
CHEBI:16761,0
CHEBI:167715,0
CHEBI:16797,0
CHEBI:16802,1
CHEBI:16814,0
CHEBI:16828,0
CHEBI:16831,1
CHEBI:16857,0
CHEBI:16870,1
CHEBI:16893,0
CHEBI:16914,0
CHEBI:16919,1
CHEBI:16946,1
CHEBI:169567,0
CHEBI:16958,1
CHEBI:16962,0
CHEBI:16977,1
CHEBI:16995,1
CHEBI:17015,1
CHEBI:17032,1
CHEBI:17033,0
CHEBI:17053,1
CHEBI:17072,0
CHEBI:17084,1
CHEBI:17113,0
CHEBI:17115,1
CHEBI:17154,0
CHEBI:17189,1
CHEBI:17191,1
CHEBI:17196,1
CHEBI:17202,0
CHEBI:17203,1
CHEBI:172542,1
CHEBI:17261,1
CHEBI:17268,0
CHEBI:17285,0
CHEBI:17295,1
CHEBI:17306,0
CHEBI:17310,0
CHEBI:17336,0
CHEBI:17342,1
CHEBI:17351,1
CHEBI:173559,0
CHEBI:173668,1
CHEBI:17368,1
CHEBI:17394,0
CHEBI:17405,0
CHEBI:174063,1
CHEBI:17418,1
CHEBI:17443,0
CHEBI:174623,1
CHEBI:17482,1
CHEBI:17490,1
CHEBI:17509,1
CHEBI:17521,1
CHEBI:17533,1
CHEBI:17553,0
CHEBI:17562,1
CHEBI:17568,0
CHEBI:17596,1
CHEBI:17604,0
CHEBI:17645,0
CHEBI:176456,0
CHEBI:176462,1
CHEBI:176472,1
CHEBI:176478,0
CHEBI:17650,0
CHEBI:17687,1
CHEBI:17712,1
CHEBI:17720,0
CHEBI:17724,0
CHEBI:17750,0
CHEBI:17752,0
CHEBI:17754,1
CHEBI:17768,0
CHEBI:17775,1
CHEBI:17786,1
CHEBI:17794,0
CHEBI:17802,0
CHEBI:17859,0
CHEBI:17864,0
CHEBI:17884,0
CHEBI:17895,1
CHEBI:17898,0
CHEBI:17924,0
CHEBI:17929,1
CHEBI:17992,0
CHEBI:18012,1
CHEBI:18019,1
CHEBI:18040,1
CHEBI:18050,0
CHEBI:18089,1
CHEBI:18095,0
CHEBI:18102,0
CHEBI:18123,1
CHEBI:18129,0
CHEBI:18132,0
CHEBI:18145,0
CHEBI:18183,0
CHEBI:182413,1
CHEBI:18261,1
CHEBI:18300,1
CHEBI:18321,0
CHEBI:18332,0
CHEBI:18333,1
CHEBI:18344,1
CHEBI:18697,0
CHEBI:1883,1
CHEBI:190604,0
CHEBI:19065,1
CHEBI:190806,0
CHEBI:191185,0
CHEBI:191252,1
CHEBI:192726,1
CHEBI:19289,1
CHEBI:193172,0
CHEBI:196598,0
CHEBI:19928,1
CHEBI:20067,1
CHEBI:20129,1
CHEBI:21077,0
CHEBI:21264,0
CHEBI:21285,1
CHEBI:21347,0
CHEBI:21363,0
CHEBI:21440,1
CHEBI:21547,0
CHEBI:21553,0
CHEBI:21557,1
CHEBI:21563,1
CHEBI:21949,1
CHEBI:233871,0
CHEBI:233890,0
CHEBI:233939,1
CHEBI:23774,1
CHEBI:24109,1
CHEBI:24786,0
CHEBI:25722,1
CHEBI:25858,0
CHEBI:26078,0
CHEBI:26355,0
CHEBI:27374,0
CHEBI:27410,1
CHEBI:27468,1
CHEBI:27471,0
CHEBI:27592,0
CHEBI:27596,0
CHEBI:27622,0
CHEBI:27693,1
CHEBI:27732,0
CHEBI:27747,1
CHEBI:27781,0
CHEBI:27838,0
CHEBI:27891,1
CHEBI:27905,0
CHEBI:28036,1
CHEBI:28043,0
CHEBI:28125,0
CHEBI:28177,1
CHEBI:28238,0
CHEBI:28297,1
CHEBI:28315,0
CHEBI:28364,0
CHEBI:28478,0
CHEBI:28484,1
CHEBI:28631,1
CHEBI:28664,1
CHEBI:28716,1
CHEBI:28717,0
CHEBI:28718,0
CHEBI:28747,0
CHEBI:28790,0
CHEBI:28792,0
CHEBI:28821,0
CHEBI:28822,0
CHEBI:28832,0
CHEBI:28834,1
CHEBI:28837,0
CHEBI:28842,1
CHEBI:28865,1
CHEBI:28875,0
CHEBI:28946,1
CHEBI:29019,0
CHEBI:29073,0
CHEBI:30531,0
CHEBI:30746,0
CHEBI:30769,0
CHEBI:30772,0
CHEBI:30776,0
CHEBI:30794,0
CHEBI:30797,0
CHEBI:30805,0
CHEBI:30813,1
CHEBI:30817,0
CHEBI:30831,1
CHEBI:30851,1
CHEBI:30860,0
CHEBI:30866,1
CHEBI:30882,0
CHEBI:30913,0
CHEBI:30915,1
CHEBI:30997,0
CHEBI:31128,0
CHEBI:31556,0
CHEBI:31596,0
CHEBI:31697,0
CHEBI:320055,1
CHEBI:32111,1
CHEBI:32365,1
CHEBI:32380,1
CHEBI:32389,0
CHEBI:32398,1
CHEBI:32425,0
CHEBI:32635,0
CHEBI:32636,0
CHEBI:32643,0
CHEBI:32805,1
CHEBI:32816,1
CHEBI:33076,1
CHEBI:33198,1
CHEBI:35045,0
CHEBI:35128,0
CHEBI:35235,0
CHEBI:35280,1
CHEBI:35420,0
CHEBI:35421,0
CHEBI:35549,0
CHEBI:3561,0
CHEBI:35704,0
CHEBI:35932,1
CHEBI:36108,0
CHEBI:36206,0
CHEBI:36211,0
CHEBI:36274,0
CHEBI:3654,0
CHEBI:36575,0
CHEBI:36592,0
CHEBI:36791,0
CHEBI:3699,0
CHEBI:37024,1
CHEBI:37049,1
CHEBI:37084,1
CHEBI:37098,1
CHEBI:37245,0
CHEBI:37258,1
CHEBI:37373,1
CHEBI:37550,1
CHEBI:37564,1
CHEBI:37655,1
CHEBI:37714,0
CHEBI:37946,1
CHEBI:37998,0
CHEBI:38545,0
CHEBI:39250,0
CHEBI:39421,0
CHEBI:39540,0
CHEBI:40070,1
CHEBI:40237,0
CHEBI:40279,0
CHEBI:40410,1
CHEBI:4047,0
CHEBI:40521,0
CHEBI:4083,0
CHEBI:40992,1
CHEBI:41254,0
CHEBI:41423,0
CHEBI:41450,0
CHEBI:4167,1
CHEBI:41865,1
CHEBI:4208,1
CHEBI:422,1
CHEBI:42504,0
CHEBI:42797,0
CHEBI:43065,0
CHEBI:43355,0
CHEBI:43419,1
CHEBI:43580,1
CHEBI:44482,1
CHEBI:44510,1
CHEBI:44673,0
CHEBI:45171,1
CHEBI:45441,1
CHEBI:45571,1
CHEBI:45630,0
CHEBI:45658,1
CHEBI:45744,1
CHEBI:45826,1
CHEBI:45996,0
CHEBI:46171,0
CHEBI:46195,0
CHEBI:46215,0
CHEBI:4676,0
CHEBI:46905,1
CHEBI:46983,0
CHEBI:47276,0
CHEBI:4735,0
CHEBI:47771,0
CHEBI:47835,0
CHEBI:47952,1
CHEBI:48131,0
CHEBI:4828,0
CHEBI:48430,1
CHEBI:48991,1
CHEBI:49002,1
CHEBI:49032,0
CHEBI:5050,0
CHEBI:50578,1
CHEBI:50599,0
CHEBI:51340,1
CHEBI:53210,1
CHEBI:53455,0
CHEBI:53486,0
CHEBI:53487,1
CHEBI:53488,0
CHEBI:541975,0
CHEBI:5441,0
CHEBI:545687,0
CHEBI:55328,1
CHEBI:55528,0
CHEBI:5778,1
CHEBI:5832,0
CHEBI:58489,1
CHEBI:59270,0
CHEBI:604731,1
CHEBI:60631,1
CHEBI:61695,0
CHEBI:62207,1
CHEBI:63631,0
CHEBI:6367,0
CHEBI:64032,1
CHEBI:64850,0
CHEBI:64956,0
CHEBI:65101,0
CHEBI:65136,0
CHEBI:67049,0
CHEBI:67249,1
CHEBI:6801,1
CHEBI:68433,1
CHEBI:68434,1
CHEBI:68441,0
CHEBI:68444,1
CHEBI:68447,1
CHEBI:68449,0
CHEBI:68465,0
CHEBI:68503,0
CHEBI:68505,1
CHEBI:68531,0
CHEBI:68566,0
CHEBI:68568,1
CHEBI:68616,1
CHEBI:68641,0
CHEBI:68848,1
CHEBI:6904,0
CHEBI:70808,0
CHEBI:70811,1
CHEBI:70819,1
CHEBI:70824,0
CHEBI:70857,0
CHEBI:70966,0
CHEBI:70979,0
CHEBI:70984,1
CHEBI:70989,1
CHEBI:70997,0
CHEBI:71018,0
CHEBI:71052,1
CHEBI:71062,0
CHEBI:71169,0
CHEBI:71464,0
CHEBI:71466,1
CHEBI:71940,0
CHEBI:7203,1
CHEBI:72723,0
CHEBI:72733,0
CHEBI:7274,1
CHEBI:72782,0
CHEBI:72991,1
CHEBI:72995,1
CHEBI:73017,0
CHEBI:73026,1
CHEBI:73034,1
CHEBI:73051,0
CHEBI:73076,1
CHEBI:73100,1
CHEBI:73105,1
CHEBI:73527,0
CHEBI:73699,0
CHEBI:73705,1
CHEBI:73707,1
CHEBI:73713,0
CHEBI:73722,1
CHEBI:73728,1
CHEBI:73731,1
CHEBI:73845,1
CHEBI:74074,0
CHEBI:74077,1
CHEBI:741548,0
CHEBI:74534,0
CHEBI:74640,0
CHEBI:74751,1
CHEBI:7476,0
CHEBI:74767,1
CHEBI:75094,1
CHEBI:75117,1
CHEBI:75145,1
CHEBI:75725,0
CHEBI:76308,0
CHEBI:76319,1
CHEBI:76341,0
CHEBI:76992,0
CHEBI:77065,1
CHEBI:77086,0
CHEBI:77262,0
CHEBI:77366,0
CHEBI:77761,0
CHEBI:7915,0
CHEBI:80470,0
CHEBI:80473,1
CHEBI:80549,1
CHEBI:80602,0
CHEBI:80603,0
CHEBI:80604,0
CHEBI:80605,0
CHEBI:81244,0
CHEBI:8228,0
CHEBI:82911,0
CHEBI:82912,0
CHEBI:82914,0
CHEBI:82932,1
CHEBI:82942,0
CHEBI:82944,0
CHEBI:82956,1
CHEBI:82965,0
CHEBI:82969,1
CHEBI:83037,1
CHEBI:83051,1
CHEBI:83481,0
CHEBI:83501,0
CHEBI:83527,0
CHEBI:84415,0
CHEBI:84634,1
CHEBI:84644,0
CHEBI:84834,1
CHEBI:85148,1
CHEBI:85299,0
CHEBI:85341,0
CHEBI:85525,1
CHEBI:85533,0
CHEBI:86045,1
CHEBI:86147,1
CHEBI:86366,1
CHEBI:86378,1
CHEBI:86542,0
CHEBI:86543,0
CHEBI:86564,1
CHEBI:86595,0
CHEBI:87732,0
CHEBI:87753,1
CHEBI:8776,0
CHEBI:87774,1
CHEBI:87986,0
CHEBI:87998,1
CHEBI:88494,0
CHEBI:88526,0
CHEBI:88765,1
CHEBI:88773,1
CHEBI:89182,1
CHEBI:89205,1
CHEBI:89228,1
CHEBI:89234,0
CHEBI:89312,0
CHEBI:89379,0
CHEBI:89454,0
CHEBI:89556,0
CHEBI:89582,1
CHEBI:89836,1
CHEBI:89860,0
CHEBI:89884,1
CHEBI:89901,1
CHEBI:89929,1
CHEBI:89930,1
CHEBI:89963,1
CHEBI:90000,1
CHEBI:9008,0
CHEBI:90344,0
CHEBI:91315,1
CHEBI:9300,1
CHEBI:9307,0
CHEBI:9347,0
CHEBI:9349,0
CHEBI:9410,0
CHEBI:9654,0
CHEBI:9671,0
CHEBI:9907,1
CHEBI:9927,0
CHEBI:9943,0
